,score,salary,happiness,Age
0,42,104488.40494238434,40.0,46
1,58,129479.90451354191,61.0,47
2,48,135812.6276251444,61.0,51
3,39,116423.3943490532,41.0,51
4,47,134857.22146126896,61.0,47
5,53,113331.10417027216,41.0,46
6,47,101379.94119697252,40.0,43
7,54,117063.88858041471,60.0,48
8,55,107174.20127550291,41.0,54
9,54,136767.5419551517,61.0,57
10,54,129149.30937294198,61.0,42
11,60,126582.87245345868,61.0,57
12,52,110012.60199850392,41.0,57
13,46,120646.68739362384,60.0,54
14,43,110675.43896439792,41.0,41
15,44,121128.8199053665,41.0,48
16,47,107512.90928753234,41.0,40
17,37,111891.20755518602,41.0,42
18,64,135297.39120515846,61.0,44
19,61,143063.22883685358,61.0,51
20,35,98258.61892312812,40.0,56
21,68,132515.69866622682,61.0,48
22,61,136157.2832330949,61.0,42
23,41,129340.3188878918,61.0,50
24,58,102612.75060894906,40.0,51
25,43,105851.27184105254,40.0,39
26,43,89686.44389256618,40.0,48
27,35,113839.56997944292,41.0,58
28,55,136939.82429159043,61.0,60
29,47,131235.3055600344,61.0,41
30,57,145450.40460281793,61.0,54
31,54,117593.13225233767,41.0,43
32,43,94758.37241186784,40.0,41
33,39,122455.45766020168,60.0,50
34,39,95578.86109063358,40.0,41
35,44,89797.94579017375,40.0,55
36,37,97730.58755477142,40.0,60
37,53,125544.3047432861,60.0,38
38,43,125268.45116661236,41.0,46
39,63,114063.38452506256,60.0,54
40,48,113642.65568670748,41.0,38
41,55,113276.01474396036,60.0,43
42,38,123877.68982910045,60.0,47
43,59,119191.69787000834,41.0,52
44,56,93722.09163970558,40.0,55
45,36,124830.76111696807,41.0,53
46,36,95358.52492343956,40.0,60
47,50,120695.8090391642,41.0,40
48,27,112660.75630060871,41.0,55
49,40,139461.88904202462,61.0,45
50,42,110610.39988997288,41.0,64
51,60,95198.87440926164,40.0,52
52,56,89837.53259367018,40.0,51
53,41,112139.9687174895,41.0,64
54,54,110642.19469814372,41.0,37
55,28,114358.3482136404,41.0,43
56,55,88225.51482487793,40.0,48
57,59,122565.04145257988,41.0,47
58,32,96853.269705489,40.0,40
59,39,102682.7082812637,40.0,36
60,48,113136.61927235228,41.0,64
61,38,115768.082894548,60.0,52
62,70,126187.47572729256,61.0,59
63,43,88282.77471986493,40.0,59
64,58,118556.27975998622,60.0,63
65,53,86827.33461971914,40.0,46
66,53,101590.14626910877,40.0,63
67,43,124898.6566757735,41.0,60
68,40,92313.21021555812,40.0,38
69,28,121614.22911772186,41.0,48
70,34,120807.51293812788,41.0,40
71,38,125082.31387842176,41.0,41
72,59,114219.6184949849,41.0,39
73,32,105733.29865238124,40.0,63
74,55,114533.28465732124,60.0,38
75,23,107514.85939501128,41.0,48
76,23,102263.2224266128,40.0,53
77,57,93784.56419087543,40.0,59
78,65,110171.85928719798,60.0,56
79,39,98017.38005390772,40.0,35
80,65,146339.52674011714,61.0,40
81,63,122725.07639885235,41.0,51
82,33,98174.90280873598,40.0,64
83,70,111141.134853761,60.0,52
84,57,147569.52858310356,61.0,62
85,66,114812.78793624487,41.0,45
86,51,120665.62714088982,60.0,66
87,51,122615.6556312414,60.0,34
88,72,146186.89108192816,61.0,46
89,42,110815.80872888156,41.0,33
90,33,83824.44030769075,20.0,54
91,34,93618.11080356462,21.0,49
92,28,89092.78161388249,40.0,57
93,29,119328.11728000332,41.0,61
94,70,125268.41109311293,60.0,37
95,26,95250.9152905131,40.0,41
96,31,81809.05787954335,20.0,45
97,72,117920.21736521636,60.0,59
98,33,122941.59169283698,60.0,43
99,73,127510.93062666932,61.0,61
100,64,111647.92751846128,41.0,60
101,28,82978.58738621522,20.0,54
102,69,153274.72294113046,81.0,47
103,70,146325.82395603743,80.0,47
104,43,110935.394173805,41.0,32
105,50,88733.66636407709,40.0,63
106,71,157359.5647908348,81.0,52
107,60,142561.54670586772,80.0,49
108,57,139301.14127151694,61.0,67
109,20,100681.40402089752,40.0,46
110,41,80003.5017248836,20.0,54
111,37,114593.79880636126,60.0,41
112,79,135863.4436792755,61.0,47
113,74,143544.33631111466,61.0,42
114,51,110786.26357606056,60.0,64
115,69,113852.26487216138,41.0,46
116,61,121011.40949631332,60.0,33
117,32,124272.1048739604,41.0,62
118,75,147146.3695400657,61.0,48
119,59,134391.91630345184,61.0,32
120,59,140808.64961182047,80.0,51
121,75,151611.06917790967,81.0,51
122,61,144478.80521794443,80.0,57
123,23,77163.00684764625,20.0,52
124,48,125165.30052896516,41.0,35
125,25,111020.76379679998,41.0,63
126,24,103125.7263930064,40.0,38
127,37,110261.5735428002,60.0,58
128,25,103056.72147443412,40.0,37
129,25,92636.50094480968,21.0,44
130,62,160615.07241752627,81.0,44
131,60,111851.0611487912,41.0,34
132,65,147107.5555437121,80.0,41
133,52,145805.68615210825,61.0,34
134,18,109940.03058885156,41.0,54
135,56,102071.79465880242,40.0,67
136,22,77631.9485417985,20.0,45
137,47,87676.4418187011,21.0,56
138,81,132731.82398916967,61.0,45
139,32,97981.3614503275,40.0,33
140,54,154977.54016222854,81.0,56
141,20,107959.69839185925,41.0,60
142,77,155775.241853183,81.0,45
143,77,161363.9032923596,81.0,49
144,22,91138.27572583144,40.0,58
145,27,73320.95691657605,20.0,42
146,32,114473.34135283792,60.0,43
147,58,130529.26075629868,61.0,70
148,79,140252.11679152068,61.0,57
149,59,135662.59522207273,80.0,50
150,33,110587.52107561743,60.0,56
151,79,157801.7537938084,81.0,47
152,53,140261.14394354544,61.0,31
153,82,137010.06192685454,61.0,48
154,79,138589.58765591803,61.0,41
155,18,93514.48866151537,40.0,52
156,45,119140.26899343978,60.0,32
157,40,90112.13546773854,21.0,61
158,68,123773.022563882,41.0,54
159,20,95325.29335076844,21.0,48
160,66,97559.86040914076,40.0,61
161,64,122307.7430280433,41.0,38
162,28,84935.74127682361,21.0,62
163,64,153831.21963869996,81.0,39
164,25,89508.91717554846,21.0,39
165,82,138744.76342799256,61.0,47
166,46,72177.20609670879,20.0,45
167,37,95053.51349955564,40.0,31
168,65,144262.77162360548,80.0,62
169,58,169226.07361405087,81.0,50
170,66,113129.27495907526,60.0,66
171,17,91299.79805736824,21.0,47
172,38,65545.92313981007,20.0,54
173,73,170010.97040810404,81.0,50
174,76,161377.69634525751,81.0,42
175,80,114303.2816786768,60.0,47
176,82,128076.33541429468,61.0,42
177,66,87433.84188000149,40.0,43
178,74,112196.2001758755,41.0,48
179,33,91045.64368853655,21.0,36
180,81,153493.44504780328,81.0,44
181,33,107898.07692847808,60.0,57
182,36,106264.62279052682,60.0,59
183,48,74133.9527761799,20.0,56
184,63,147678.32165974556,80.0,64
185,25,94899.48005994056,40.0,35
186,70,153495.05528436828,81.0,63
187,69,88699.69414180814,40.0,50
188,73,140805.48287306537,61.0,34
189,25,131063.97543183951,61.0,49
190,55,133373.92271703886,80.0,52
191,18,93153.78791036656,21.0,57
192,50,80465.52554641549,20.0,42
193,15,92538.27782081536,21.0,49
194,75,133759.5310457304,80.0,51
195,22,105717.02917538596,40.0,35
196,54,120641.24359285575,41.0,69
197,68,143664.54902216946,80.0,37
198,81,141065.34233087406,80.0,54
199,68,131451.32645421394,61.0,30
200,49,150089.7683570536,81.0,43
201,75,145945.0486151518,61.0,63
202,26,116884.76597936956,60.0,46
203,79,135313.22746921968,61.0,63
204,25,129776.00948198725,61.0,56
205,82,125619.63368271056,60.0,40
206,53,95950.34623416264,21.0,51
207,71,170122.59024105404,81.0,42
208,63,113503.50508031932,60.0,69
209,35,62670.73294383793,20.0,43
210,19,98050.837715691,21.0,57
211,72,167537.33733765082,81.0,40
212,36,106661.77742794824,41.0,28
213,15,102110.54610530974,40.0,42
214,72,172455.37899098377,81.0,56
215,79,143565.8077656544,80.0,60
216,77,133491.00519646896,80.0,48
217,12,84578.66579161063,21.0,47
218,73,119604.2711831369,41.0,43
219,16,89324.7421951967,40.0,49
220,30,145492.9236374066,61.0,60
221,54,131025.6662814377,80.0,49
222,55,150370.98238728233,81.0,37
223,50,97697.47558993268,40.0,72
224,24,88469.2554189634,21.0,35
225,47,122723.14966329202,41.0,71
226,67,146066.47746740037,61.0,31
227,74,133262.09510665835,80.0,42
228,80,141890.77185730607,61.0,62
229,47,112947.82373176578,60.0,30
230,55,135139.9137666644,61.0,27
231,57,161886.52121823523,81.0,64
232,75,116860.9186460984,41.0,44
233,57,128568.89006405558,80.0,48
234,74,140196.12808784694,61.0,32
235,59,127902.54059837236,80.0,54
236,19,97591.84188840934,40.0,36
237,62,107107.1434628792,60.0,68
238,56,138643.7009067491,61.0,27
239,45,102407.34563323716,21.0,60
240,71,142358.62076181627,61.0,69
241,85,155937.3652092623,81.0,58
242,16,107184.4035924411,41.0,38
243,53,91138.4260362346,21.0,60
244,61,115989.99997611716,60.0,72
245,20,90857.7292623395,40.0,64
246,26,111095.0381325126,60.0,56
247,20,104608.18314467142,21.0,44
248,77,128012.82243046342,61.0,32
249,83,153814.82929506604,81.0,39
250,28,118633.36753817405,60.0,37
251,74,123354.4518328278,41.0,55
252,40,99744.58476421068,40.0,26
253,67,170033.079964607,81.0,37
254,54,101537.49212635188,21.0,47
255,41,94879.20728030243,21.0,66
256,87,143477.043649289,80.0,55
257,46,116070.85945670158,60.0,28
258,17,101967.5389247502,21.0,57
259,55,74266.7913280848,20.0,56
260,89,147898.8688366318,80.0,48
261,87,142102.59377860714,80.0,46
262,23,113909.66742368577,60.0,50
263,80,110810.07981336456,60.0,60
264,81,162943.67224238932,81.0,62
265,81,167432.3727341961,81.0,60
266,32,88339.11247317243,21.0,31
267,23,126467.14719259476,61.0,42
268,38,116424.07841298432,60.0,30
269,54,159816.8361538991,81.0,66
270,11,98432.56942682984,40.0,45
271,16,84433.9236103502,21.0,64
272,76,146882.06618997542,61.0,66
273,17,96092.37568704507,40.0,36
274,58,153348.43495571558,81.0,33
275,58,118864.83435036916,60.0,26
276,67,128482.97774930608,80.0,40
277,55,102548.76999998564,21.0,48
278,28,86089.09854447604,21.0,31
279,86,146699.31321374467,80.0,60
280,27,100699.94751118124,21.0,65
281,8,89581.20657453734,21.0,48
282,50,129499.66465547188,80.0,56
283,59,142071.39897690827,80.0,33
284,21,120923.48088168594,60.0,45
285,79,125642.9776603001,61.0,32
286,43,89889.6532276469,40.0,27
287,14,93841.60756939527,40.0,61
288,59,124057.55772190032,60.0,75
289,82,145333.15230491175,61.0,62
290,73,160044.80943771225,81.0,33
291,33,124942.17908087034,41.0,29
292,20,121047.10415460829,60.0,48
293,74,92877.18581350896,40.0,40
294,49,132734.7762931339,80.0,60
295,26,87962.80049562088,21.0,31
296,51,94095.74572847744,40.0,26
297,7,88053.63284366425,21.0,48
298,74,127559.68981277704,80.0,42
299,35,98426.4125110999,21.0,32
300,9,75117.83544708617,20.0,44
301,62,127813.49389536692,61.0,25
302,31,86202.50486027906,40.0,30
303,58,180706.90142319436,81.0,52
304,33,138323.7569514715,61.0,31
305,53,132420.8169329193,80.0,63
306,78,119331.48533965473,41.0,54
307,79,117677.366460214,41.0,48
308,10,98991.2529663432,21.0,48
309,62,84443.16452820145,21.0,49
310,75,144103.03666246153,61.0,69
311,76,128229.8669949866,61.0,29
312,17,96796.76223330406,21.0,64
313,24,108546.29261107044,60.0,46
314,57,117698.1040890052,41.0,26
315,51,141482.09025834847,61.0,75
316,76,180203.1197276741,81.0,47
317,80,115166.44209398028,41.0,49
318,43,87798.39293756674,21.0,30
319,70,161065.6172946327,81.0,69
320,47,150031.25532968465,81.0,36
321,17,86808.66839423781,40.0,38
322,80,160626.82224513273,81.0,66
323,39,112720.9244202511,60.0,29
324,47,120955.68769982524,41.0,25
325,13,91823.48164888185,40.0,61
326,44,132085.86290279016,80.0,56
327,38,87346.16501217373,40.0,27
328,40,72181.46604341257,20.0,31
329,33,77328.42295853204,20.0,70
330,46,81970.44756691394,20.0,68
331,7,94551.24993895402,21.0,53
332,47,166491.68195144692,81.0,38
333,57,104828.10897971436,21.0,50
334,29,136211.21871674812,61.0,32
335,81,136983.50604045967,61.0,68
336,60,117691.69681902407,41.0,26
337,76,146449.78461762,61.0,69
338,43,122246.0115416529,60.0,25
339,54,160030.71911984115,81.0,32
340,71,142454.46938726233,80.0,70
341,64,141697.1098999958,61.0,75
342,22,124938.70563026267,41.0,32
343,14,93918.00361203446,21.0,65
344,73,116181.61406963576,60.0,28
345,26,61558.36593697328,20.0,65
346,11,107489.28484972812,41.0,63
347,61,91439.8309404607,21.0,58
348,27,102537.05408341745,40.0,26
349,48,97792.08723095458,21.0,32
350,49,148800.86701993304,81.0,68
351,50,97936.34329443752,21.0,66
352,29,56390.18046669292,20.0,62
353,44,129354.73405520526,80.0,56
354,62,94843.72025583078,21.0,55
355,32,57863.92449174014,20.0,36
356,60,101435.700417354,21.0,53
357,8,101063.45425263292,21.0,52
358,65,110003.69531131005,60.0,73
359,17,65025.43843981256,20.0,64
360,89,115477.27298573135,60.0,44
361,8,116931.63071182104,41.0,55
362,47,122133.19189120176,41.0,24
363,25,104181.04472249794,21.0,33
364,10,86394.38060714112,40.0,53
365,70,136189.09790084438,61.0,75
366,22,67767.92141136463,20.0,68
367,11,102669.36511207164,21.0,59
368,90,144560.0788946903,61.0,44
369,19,85690.33961482855,40.0,67
370,39,107646.76687131984,60.0,29
371,39,97939.04554666171,21.0,29
372,56,159864.53463508026,81.0,30
373,40,138003.96068732248,80.0,61
374,64,141609.1693138077,61.0,76
375,46,111055.95543080986,60.0,75
376,87,157472.60372913064,81.0,65
377,25,54879.96672302468,20.0,61
378,65,166335.12466469398,81.0,30
379,9,118303.26764146064,41.0,59
380,80,106325.08864026215,60.0,64
381,80,181807.35660388743,81.0,55
382,92,136080.6586595212,61.0,56
383,37,90975.54030894784,21.0,27
384,77,84734.44367157479,40.0,47
385,48,135709.8528392751,80.0,67
386,4,70807.67589850526,20.0,52
387,6,108175.9610161824,41.0,45
388,75,137271.30171702214,61.0,26
389,44,157141.949706767,81.0,67
390,89,143776.3136510082,61.0,39
391,61,133111.20088479389,61.0,78
392,60,140196.2332123601,80.0,72
393,65,144612.9868190288,80.0,73
394,39,77427.50078442281,20.0,27
395,41,105342.07484949609,21.0,31
396,90,148002.7864567224,61.0,55
397,62,124664.33309463438,60.0,22
398,22,55817.76513697723,1.0,47
399,31,106986.19757714149,41.0,23
400,19,105119.1189859858,40.0,28
401,27,67682.52986492022,1.0,51
402,66,132703.27712255946,80.0,70
403,62,123092.45330839515,60.0,22
404,4,79084.89503904343,20.0,41
405,6,92779.49531655514,40.0,49
406,52,124862.10959212515,60.0,79
407,96,150757.10851427668,81.0,44
408,84,165904.93304668606,81.0,67
409,75,173354.99207939298,81.0,68
410,79,153559.0458647324,81.0,29
411,22,102500.08636950764,21.0,69
412,74,174291.80219120384,81.0,68
413,76,122691.4345653762,41.0,34
414,55,108405.53376852986,60.0,76
415,74,144739.02746241383,61.0,26
416,92,142399.56198324636,61.0,57
417,83,119972.80582693811,41.0,46
418,26,65998.22815533177,1.0,43
419,66,142823.5541742169,80.0,27
420,1,75626.53924191756,20.0,51
421,48,59080.35647704106,20.0,35
422,41,114414.11277722997,41.0,21
423,67,98347.5236668613,40.0,73
424,85,114963.38693645252,60.0,66
425,91,115273.42270522816,60.0,42
426,4,85653.72594458974,21.0,39
427,37,111052.46184087884,41.0,79
428,19,73973.83181899236,20.0,71
429,78,143986.54870229593,61.0,72
430,69,142854.5713217947,80.0,27
431,86,137983.81030525904,80.0,66
432,27,88319.69754474281,40.0,26
433,23,53218.30221632057,1.0,56
434,41,129902.86816995428,80.0,41
435,75,149648.2537161577,81.0,73
436,97,162306.07456934438,81.0,53
437,25,122390.2786533012,60.0,71
438,82,172093.6733230882,100.0,46
439,5,63005.02723064388,20.0,53
440,37,134805.06508819986,80.0,60
441,96,155660.27291945484,81.0,59
442,78,116837.8787093172,41.0,33
443,18,62295.07701577565,1.0,41
444,34,84778.97772904173,21.0,75
445,25,113739.72717938718,60.0,32
446,14,105128.27461475597,21.0,35
447,68,174789.29728534794,81.0,70
448,54,90924.29341645428,40.0,77
449,44,143943.03934319693,61.0,23
450,48,159809.7794661374,81.0,30
451,0,84288.58837983583,21.0,45
452,57,140980.58135539046,61.0,21
453,82,128874.28566192972,80.0,35
454,49,106611.1986898548,41.0,80
455,19,98448.56759409072,21.0,71
456,28,87427.0486171137,21.0,75
457,87,176631.22050999038,100.0,52
458,13,50691.12239924104,1.0,52
459,25,98594.28506392035,21.0,27
460,45,175469.3859353449,81.0,64
461,18,106055.50148864274,60.0,53
462,43,114579.38093690458,41.0,80
463,10,94925.32909021928,40.0,67
464,84,184067.73042628675,100.0,54
465,16,79906.1714732077,20.0,72
466,56,147151.86307429342,80.0,75
467,75,105233.76117587186,40.0,29
468,45,112311.02065539712,60.0,78
469,11,59185.945550517856,20.0,62
470,15,92905.84666474548,40.0,71
471,47,136285.45774481312,80.0,31
472,53,91416.40831980812,21.0,71
473,7,117026.6177364985,41.0,63
474,79,164031.93604732625,81.0,28
475,25,101907.35816235236,40.0,23
476,45,123303.49236578244,60.0,80
477,7,84735.43545655716,40.0,45
478,62,128551.13199335478,80.0,30
479,8,81762.6750483147,20.0,68
480,63,110930.95052599192,41.0,22
481,17,86683.63682227343,21.0,73
482,81,161503.81966520584,100.0,48
483,67,128295.44778364369,80.0,30
484,0,96483.84161317916,21.0,52
485,68,133813.77648239202,61.0,79
486,20,82130.14889301971,20.0,26
487,87,147656.65124053886,80.0,30
488,70,151051.77448824316,81.0,25
489,73,127600.31596851732,80.0,31
490,27,124369.53024599249,41.0,76
491,93,143170.53839712523,61.0,39
492,30,142434.30571737615,80.0,48
493,73,136906.277167647,80.0,27
494,1,99462.50506973236,21.0,47
495,64,164309.13599432568,100.0,54
496,66,187444.1996625028,100.0,55
497,5,107763.91462484175,41.0,63
498,7,65556.21994820499,20.0,64
499,95,145002.3223057518,61.0,45
500,44,100391.09176001875,21.0,73
501,12,89077.59980765419,21.0,29
502,47,56022.61408450789,20.0,33
503,86,163964.77036906383,81.0,70
504,99,150804.19623865254,81.0,58
505,21,78407.95948521371,1.0,56
506,56,111815.67125811146,60.0,21
507,11,67345.3832817208,20.0,32
508,37,89182.29246878691,40.0,79
509,31,149972.56878877434,81.0,59
510,79,127027.95634686042,61.0,24
511,71,140809.6571833244,61.0,78
512,12,112869.3886373428,41.0,71
513,4,92776.38285784516,40.0,42
514,11,51139.23050354469,20.0,52
515,75,149306.93871750293,81.0,25
516,83,115495.68137503996,41.0,63
517,31,74496.06773812088,1.0,40
518,92,140742.44349776738,80.0,66
519,24,98779.98963490751,40.0,78
520,37,82262.73014304167,20.0,23
521,89,147784.70471265414,80.0,30
522,94,113925.4107221358,60.0,42
523,37,132662.92262285727,80.0,38
524,71,90402.29681057615,21.0,46
525,23,89398.72907001438,40.0,76
526,76,169630.19808736106,100.0,38
527,25,85518.79741831316,40.0,25
528,53,75637.2684113465,20.0,27
529,91,128805.6969118425,61.0,67
530,72,180253.0436981496,81.0,31
531,23,119071.11285107562,41.0,77
532,33,129960.39656781222,80.0,53
533,22,88252.18073402747,21.0,24
534,6,98301.96457436663,21.0,66
535,39,93787.2073408238,21.0,23
536,99,163054.47523955855,81.0,41
537,53,153952.26773729664,81.0,76
538,12,129675.44871251044,61.0,58
539,40,49958.289785152825,1.0,54
540,0,66428.17953244483,20.0,44
541,20,83430.39391994201,1.0,49
542,59,134553.5285032807,80.0,75
543,30,144554.20520674315,61.0,26
544,5,66912.82329954424,1.0,55
545,15,61380.36230134063,1.0,36
546,41,71784.45818578107,1.0,44
547,86,161146.4679568441,81.0,28
548,98,171188.54988893442,81.0,44
549,66,103839.53748354454,21.0,58
550,18,80118.89101234886,1.0,42
551,21,71852.49756741073,1.0,36
552,62,114799.959739019,41.0,79
553,49,90211.3934881138,21.0,75
554,51,83939.60845497498,20.0,74
555,87,167938.3540787003,81.0,70
556,97,116722.43671023576,60.0,51
557,4,62555.90524879023,1.0,56
558,41,163481.7905109906,81.0,31
559,64,161991.32296585914,100.0,42
560,99,168217.97596974514,81.0,57
561,22,114598.75025942962,41.0,78
562,61,162770.64426483912,100.0,58
563,78,146656.7175269141,80.0,76
564,17,78094.88302466227,20.0,25
565,25,63225.7206249668,20.0,26
566,47,128781.07576707474,80.0,31
567,47,130053.86049207528,80.0,71
568,11,118997.15274651482,60.0,45
569,50,128074.09761120318,80.0,30
570,97,146090.9611091779,61.0,53
571,63,171954.25962780154,81.0,75
572,63,158239.17808424757,100.0,45
573,88,187776.4775354277,100.0,59
574,22,115897.35016980694,60.0,72
575,38,79968.95575180177,1.0,46
576,72,167122.29552291968,81.0,76
577,70,113593.35534203883,60.0,21
578,13,82961.45261838537,1.0,51
579,52,135321.22035945824,80.0,75
580,37,135555.3700070125,80.0,34
581,71,147695.5805761903,80.0,78
582,36,107261.39845520484,60.0,24
583,95,135613.362169458,61.0,35
584,16,80873.40794904949,1.0,41
585,20,43208.964882199885,1.0,61
586,26,89572.04189264897,40.0,22
587,53,94203.02988209968,21.0,25
588,89,147294.34696840448,61.0,68
589,79,188608.4296636705,81.0,62
590,68,187825.0619314027,100.0,63
591,78,138719.7911943463,61.0,22
592,10,130508.84876184388,61.0,56
593,5,99025.35602469862,40.0,34
594,70,109558.3687935838,41.0,77
595,65,138991.98791203427,80.0,23
596,7,79398.1759207963,1.0,51
597,77,156310.40864211388,100.0,61
598,3,73687.92876638958,20.0,33
599,60,127256.7669872238,80.0,27
600,65,90099.1879678873,21.0,31
601,72,172378.50987918407,100.0,67
602,14,66959.28802126613,1.0,34
603,96,124310.59422929096,60.0,36
604,62,160015.66535540836,100.0,41
605,75,126530.21038156438,80.0,28
606,24,89974.86438465782,40.0,22
607,96,180978.0585619994,100.0,44
608,13,46020.10356531761,20.0,45
609,11,104519.6206133753,40.0,74
610,65,125862.89227279412,80.0,27
611,83,131838.82513660187,80.0,28
612,43,107449.69187205116,60.0,21
613,89,190093.6654265225,100.0,60
614,5,90609.82027310134,40.0,66
615,80,162645.4242358929,81.0,24
616,89,141065.0094835868,61.0,71
617,17,98903.19422622386,21.0,75
618,94,161977.80275288215,81.0,69
619,72,94022.35105261844,21.0,58
620,95,178200.09708812466,81.0,60
621,15,61885.45141132735,20.0,28
622,1,123061.5707264324,41.0,56
623,81,123307.30206184898,60.0,77
624,76,140672.33110642643,80.0,23
625,74,152975.1161621475,100.0,41
626,25,146267.57398161455,61.0,74
627,85,109671.6834392426,60.0,28
628,73,172914.914663887,100.0,68
629,72,139945.20763238776,80.0,78
630,81,135060.3697727022,61.0,22
631,92,178133.76877617225,81.0,64
632,76,165375.00652208936,81.0,77
633,89,187625.6816403004,81.0,56
634,59,87305.27956350554,21.0,73
635,77,200699.17649716625,100.0,45
636,99,156410.78403954208,81.0,34
637,8,53119.89160230462,20.0,38
638,5,109934.95808865702,41.0,69
639,62,151851.27734821115,100.0,50
640,82,154588.66289507982,100.0,40
641,18,95520.8155301711,40.0,78
642,60,105841.2386481702,21.0,68
643,9,130238.05547380238,61.0,44
644,81,177659.53985369843,100.0,68
645,14,120663.77084334569,60.0,34
646,99,133746.06180939722,80.0,60
647,65,174765.97858080734,100.0,34
648,26,118904.76841954136,60.0,24
649,58,162305.6503357772,100.0,40
650,87,167412.03549453814,100.0,35
651,19,90204.84485320991,21.0,22
652,96,171759.006210171,100.0,40
653,16,63314.63112297484,20.0,74
654,78,145636.92251699304,80.0,22
655,25,124716.72821931768,41.0,21
656,2,125126.69447023288,41.0,41
657,17,84211.81045579142,21.0,78
658,91,171486.63553779584,100.0,65
659,83,111138.13685424531,41.0,29
660,81,148058.04619777645,100.0,46
661,41,146018.79127635903,80.0,26
662,23,129825.55053483396,61.0,25
663,18,91400.15337868284,40.0,78
664,72,118202.608391124,41.0,77
665,97,163637.08869736167,100.0,43
666,41,95850.4321142819,21.0,79
667,33,100921.52248230053,21.0,21
668,2,77156.60646853509,1.0,56
669,97,142853.8822043579,80.0,68
670,30,126962.97120582392,80.0,57
671,74,100115.06453457946,21.0,46
672,90,145104.26670648166,61.0,71
673,87,127211.42039199092,61.0,24
674,96,133874.3106680903,80.0,66
675,84,101043.56730774244,40.0,68
676,99,178158.67788146692,81.0,57
677,78,165621.75588945398,100.0,69
678,19,86923.55598544053,21.0,21
679,20,76850.27141087108,1.0,32
680,99,140952.28390289444,80.0,66
681,84,114215.1286058136,60.0,24
682,41,77956.38004782393,1.0,37
683,25,114492.2476052841,60.0,77
684,21,123738.10973511412,41.0,79
685,12,47896.7346500658,20.0,37
686,26,64492.74557892958,1.0,70
687,73,107594.068450502,41.0,21
688,98,145116.9627076912,80.0,31
689,7,117645.02964441512,60.0,55
690,52,86754.10393035089,21.0,78
691,96,180929.5558932785,100.0,63
692,87,191075.8717426567,81.0,41
693,77,159647.1262288185,100.0,33
694,26,137704.00707085832,80.0,41
695,3,112209.9715601918,41.0,69
696,81,182263.29264498092,100.0,31
697,79,123991.9209338059,41.0,72
698,91,113977.77981194366,41.0,59
699,15,42546.8120779123,1.0,66
700,76,175764.38808758795,81.0,24
701,52,154098.3902821323,81.0,21
702,7,64732.45833503977,20.0,72
703,79,147900.88112376153,61.0,21
704,73,121576.78793927332,41.0,77
705,77,170207.39551286778,81.0,78
706,28,58592.26541158999,1.0,28
707,8,115952.42467607556,60.0,60
708,87,150309.24330936113,100.0,60
709,4,115778.80863077988,41.0,31
710,71,122724.09830474878,41.0,78
711,16,88955.16440094583,21.0,21
712,7,83002.01471544447,20.0,25
713,12,121956.6076809428,60.0,69
714,25,162175.24991064586,81.0,41
715,4,62472.40212769239,1.0,33
716,5,88606.95545635572,40.0,70
717,32,60476.05025307419,1.0,28
718,72,167654.9582768959,81.0,80
719,92,148680.22867549557,100.0,52
720,8,123826.8144027743,60.0,38
721,8,96970.9342278056,40.0,75
722,93,120420.06953357664,41.0,50
723,86,125813.8240968402,80.0,72
724,9,110677.95258875794,60.0,41
725,88,135185.97487085516,80.0,25
726,52,102002.143153033,21.0,77
727,73,158540.22903272894,100.0,70
728,99,134245.37427224996,80.0,33
729,67,153506.60739669076,100.0,67
730,15,74566.64778400803,1.0,70
731,65,155150.038806585,100.0,34
732,10,85824.50624422346,21.0,78
733,39,71408.90070657307,1.0,30
734,54,157632.8495358206,100.0,63
735,44,58830.96174830644,1.0,67
736,87,129818.53470500576,80.0,26
737,89,97784.98527348173,40.0,34
738,84,158197.04684662327,100.0,32
739,63,96160.18915377918,21.0,25
740,66,189330.85973853077,81.0,72
741,15,71898.05223569136,1.0,71
742,15,111109.30255700984,60.0,71
743,91,132994.74005869153,61.0,24
744,29,132846.50620871378,80.0,35
745,21,71610.70250893243,1.0,72
746,65,162274.34883379177,100.0,71
747,18,80464.81187503657,1.0,30
748,98,134010.26364892,80.0,31
749,3,68286.25365493554,1.0,32
750,97,141712.2517012424,80.0,72
751,21,131187.43053556298,61.0,23
752,2,89244.2798398402,40.0,32
753,56,164790.96870853673,100.0,69
754,68,148531.35511526855,100.0,66
755,93,163133.6777938117,100.0,32
756,78,108085.70141001488,41.0,78
757,11,104858.39109661472,21.0,24
758,34,61191.53780730176,1.0,73
759,97,128703.29325742004,61.0,71
760,66,154772.37949044612,100.0,70
761,12,100572.15428431102,21.0,22
762,95,163415.01099816608,100.0,68
763,67,162959.97555381042,100.0,73
764,76,176364.85034302727,100.0,75
765,51,67489.89484417735,1.0,64
766,39,141822.774400238,80.0,23
767,96,164541.5856916395,81.0,74
768,92,172987.3328757066,100.0,29
769,17,82524.60288128012,1.0,70
770,36,73507.31630513858,1.0,27
771,8,109177.60983169268,41.0,78
772,76,73475.0195200089,20.0,62
773,21,71011.5347081265,1.0,25
774,79,170892.4022332796,100.0,75
775,19,83629.6782080075,1.0,70
776,96,153014.87729097385,100.0,63
777,5,93055.54058185293,21.0,77
778,3,32034.38907021314,1.0,58
779,11,91948.12270515144,40.0,79
780,96,176016.1598405861,100.0,70
781,46,155379.41041281496,100.0,56
782,14,117914.00238558478,60.0,27
783,88,112947.64561258588,60.0,22
784,81,153073.66020939208,100.0,30
785,57,97573.1167831786,21.0,79
786,52,78289.53945610818,1.0,61
787,88,125224.62721525168,41.0,30
788,4,116587.65019752028,41.0,75
789,45,165157.06140146597,100.0,39
790,89,142897.2243565463,61.0,78
791,77,162620.16379819033,100.0,75
792,34,75822.50523482429,1.0,73
793,42,171725.17200593458,100.0,61
794,10,103682.87743436018,21.0,78
795,5,108527.31507646508,60.0,43
796,98,185729.757744376,100.0,69
797,88,160502.9713866882,100.0,28
798,6,54579.850998381655,20.0,28
799,0,49964.56479620149,20.0,64
800,88,208300.8461613999,100.0,39
801,21,55425.81965979658,20.0,79
802,41,165585.2267472733,100.0,59
803,51,54665.87113771532,1.0,31
804,6,72171.99525935805,1.0,73
805,18,52303.77119497998,1.0,23
806,93,148796.525895016,81.0,79
807,29,163846.16131944713,81.0,74
808,87,183606.76445034792,100.0,25
809,8,103788.60613153898,21.0,22
810,86,154920.2232216188,100.0,73
811,92,149266.636721696,81.0,80
812,2,65053.84787349198,20.0,76
813,6,114246.41545499089,60.0,34
814,95,170538.77219994884,81.0,23
815,3,88909.23281768663,40.0,26
816,4,97191.20998041486,21.0,22
817,91,140712.33216415584,80.0,80
818,23,72663.26960334257,1.0,77
819,6,50734.88001817596,20.0,28
820,0,87476.28076039854,21.0,23
821,14,57942.49750453674,1.0,22
822,12,41002.8377812414,1.0,74
823,11,53127.739357306,20.0,77
824,96,160780.963988242,81.0,21
825,20,145557.22394121133,80.0,69
826,92,125978.9303376424,80.0,76
827,92,193307.34299196172,100.0,27
828,69,187066.61432299812,100.0,78
829,56,83539.43908874411,1.0,38
830,3,49207.05461842028,20.0,71
831,9,129398.64975881508,61.0,75
832,2,92157.50194577148,40.0,77
833,90,172892.15061788814,81.0,80
834,95,174251.8481598326,81.0,77
835,7,103093.12602411507,21.0,80
836,31,132654.06971421785,80.0,25
837,37,133372.8210067994,80.0,21
838,78,100860.80419826908,21.0,67
839,18,110727.33589096242,60.0,21
840,8,44577.46179242552,1.0,24
841,6,117668.93311604824,60.0,72
842,92,151750.7707275051,100.0,28
843,5,121428.63232776284,60.0,72
844,69,97151.6486442872,21.0,77
845,91,155744.22813593116,100.0,75
846,93,116802.249796719,41.0,27
847,93,89950.46967347506,40.0,30
848,92,101254.9560618552,40.0,26
849,95,175175.17037809716,100.0,23
850,81,88795.76675273347,21.0,30
851,64,79380.07868096817,1.0,49
852,13,116033.06087238347,60.0,22
853,87,96092.4690869049,21.0,46
854,74,156445.20411106246,100.0,22
855,93,202732.6941807675,81.0,56
856,71,99959.84412336753,21.0,22
857,30,159161.44841617232,81.0,80
858,96,200063.7516756904,81.0,41
859,56,70409.69933381086,1.0,28
860,41,154596.4338118261,100.0,66
861,96,109984.7518148812,60.0,22
862,92,198408.3500508744,100.0,25
863,94,177850.8646140686,100.0,79
864,92,157744.46009848086,100.0,23
865,65,83537.32010348036,1.0,48
866,4,144796.61053574475,61.0,30
867,94,158829.62620540903,100.0,78
868,94,184261.59024434508,81.0,22
869,29,127707.08059901558,80.0,24
870,61,75382.36211247653,1.0,67
871,10,42355.84003816349,20.0,76
872,54,150371.52049331408,100.0,76
873,9,107095.88779710136,60.0,77
874,58,148600.22233648636,100.0,25
875,68,210560.0390640985,81.0,65
876,48,181217.5035762636,100.0,78
877,2,127147.94723750735,61.0,29
878,62,83308.7106688442,1.0,34
879,70,74412.28933728361,1.0,50
880,66,82093.90455239992,1.0,39
881,95,201490.60997260967,100.0,24
882,95,203900.54050927865,81.0,37
883,99,162887.37643158206,100.0,79
884,94,151656.70382582967,100.0,78
885,63,148860.16753365804,100.0,80
886,61,151708.37342692737,100.0,21
887,36,150083.49584454542,100.0,38
888,2,46687.04695367826,20.0,77
889,44,167591.15315200936,100.0,78
890,2,146508.9838416763,61.0,29
891,92,96956.93098058228,21.0,53
892,89,103350.82104276176,21.0,36
893,59,212333.3362035664,81.0,33
894,21,141134.72843382735,80.0,22
895,96,190084.2979994706,81.0,78
896,3,133408.54019365422,61.0,79
897,1,34961.22116570349,20.0,29
898,8,38678.67793272083,20.0,79
899,14,18674.21058158992,20.0,46
900,4,13799.4368870466,1.0,68
901,33,171912.60586337154,100.0,28
902,96,90718.03403177545,21.0,55
903,99,108242.93168982942,41.0,21
904,9,171573.16961773465,81.0,36
905,23,27881.88172651289,20.0,77
906,26,156129.45201833,100.0,65
907,79,62079.89749789292,1.0,52
908,97,217966.03758575465,100.0,25
909,4,125631.58320398894,80.0,47
910,25,152464.78676472555,100.0,65
911,99,123608.38199214482,41.0,79
912,92,101603.00718236824,21.0,28
913,97,224223.1042721124,100.0,74
914,89,80396.81345807371,20.0,78
915,71,43588.34045066251,1.0,21
916,1,26940.43234564828,20.0,23
917,86,230507.45348477477,81.0,55
918,13,150006.22393289392,100.0,61
919,99,90790.4743776394,21.0,78
920,84,83038.42741622377,1.0,26
921,76,17572.60983468991,1.0,30
922,94,34056.72611385897,20.0,36
923,83,22475.41154942366,1.0,66
924,84,23954.226649514647,20.0,71
925,0,159630.82131873956,100.0,68
926,21,,20.0,50
927,11,,20.0,34
928,3,,20.0,22
929,56,,1.0,60
930,30,,1.0,71
931,67,,20.0,39
932,50,349110.3324617566,,25
933,3,,1.0,46
934,33,,1.0,73
935,33,,1.0,48
936,35,,20.0,25
937,5,,1.0,73
938,1,,1.0,48
939,6,,20.0,63
940,8,,20.0,67
941,9,,20.0,30
942,96,,1.0,36
943,44,,20.0,57
944,17,,1.0,72
945,48,,1.0,42
946,22,,1.0,41
947,33,,20.0,53
948,21,,20.0,28
949,9,,1.0,68
950,17,,1.0,21
951,61,,1.0,58
952,20,,1.0,59
953,6,,1.0,32
954,9,,20.0,47
955,12,,1.0,80
956,13,,20.0,79
957,9,,1.0,63
958,0,,1.0,54
959,20,,20.0,67
960,6,,1.0,57
961,30,,20.0,54
962,6,,1.0,79
963,14,,20.0,26
964,5,,20.0,78
965,5,,1.0,25
966,35,,20.0,38
967,6,,20.0,34
968,6,,20.0,49
969,7,,1.0,75
970,17,,1.0,26
971,10,,1.0,42
972,68,,1.0,65
973,17,,20.0,62
974,23,,20.0,69
975,54,,1.0,52
