,revenues,ebit,industry,employees,market_cap,outstanding_shares,stock_price
0,98946612535.10822,33687912805.525726,technology,39161.28457509505,861016593815.1229,8920990424.347172,98.09420463632499
1,89894234225.87163,54211959014.34602,technology,,1169810596542.9072,18179619660.56375,64.92508098634804
2,87835729987.72533,42236904582.92787,technology,86764.93605958573,773773808822.4977,6672159502.358902,120.55832643267772
3,79035554151.57446,29215411805.72972,technology,157253.9411911922,662423336481.2314,4560541299.250362,148.06037784747969
4,75312164956.06969,33333251691.186367,technology,85562.80029466184,635253094880.0964,12537707581.862356,50.60317466209972
5,78046628176.57715,42679393052.619095,technology,1386.769715067048,863757701009.2933,4880179704.322464,181.51660268180615
6,69313766136.92058,31321335261.093838,technology,34709.25317878141,534050607587.4038,6516228483.162616,82.51739193114237
7,83121910010.34218,26938367614.362083,technology,103786.09293616492,386039833252.8652,3772607498.7718306,104.77403329674367
8,73667752465.56264,29807242042.688877,technology,44731.84548406371,444566772618.7886,7659454201.503165,56.93282211013272
9,63034943519.11633,40847789314.8718,technology,103998.10474504562,647633599811.0259,9873523137.530294,64.86107511970708
10,91573867537.77487,37725991918.31425,technology,38488.06919796277,424039860229.04956,15053417875.51233,28.534771386199004
11,92673436802.13829,51767352914.13872,technology,36145.28328159341,941371897882.7028,7909533562.214087,116.03198468954676
12,71907828562.48845,35995734617.35765,technology,102751.0987488359,829577390876.803,3963030248.300979,203.18372053621042
13,97523692468.37181,32815690919.839935,technology,30876.571408232743,708852526209.8301,70605747033.89998,10.056310329692616
14,79359803418.89008,26381631454.768703,technology,,151097394068.96744,874996916.3999435,173.70903828605572
15,101508054009.89723,48189333485.897194,technology,143400.4921622339,388059752254.2259,2363944447.1060038,166.85710382445853
16,98162092596.74136,38411258115.58421,technology,218905.01497980632,764882481721.8362,6341261155.082974,119.7998675583131
17,82331970731.7774,58035687566.37749,technology,154411.61586421874,532630040606.55286,7323482678.314263,72.2605694304429
18,90729749450.84474,38777516851.97236,technology,83426.2327770573,259881572732.63666,16401577680.342188,15.510129828612822
19,67668265472.077324,32803811639.642212,technology,17292.316794419756,153839021390.09436,1250455825.9339442,121.61432475384214
20,94137177404.09679,47189309231.16219,technology,,405036013317.5086,4496558346.2567425,87.79848809854312
21,68052023512.75578,38693478604.337944,technology,,785148685061.9417,105135545132.83524,7.594431003803734
22,89188325011.41862,35259701811.66761,technology,15753.149461705887,348039770560.83276,9158597898.173714,37.88749371503017
23,67554300235.189255,31849294453.295414,technology,119497.96759651415,303578312482.4237,4432024708.662948,67.35619672618155
24,80091648601.17728,32476643638.068542,technology,75128.39735229609,738260608788.7928,414473573855.86005,1.809536605134536
25,96655180375.77058,42373569112.62078,technology,127853.41610083966,915247436587.2484,10428248626.491528,86.32349082855703
26,60866123281.812,33156207067.131775,technology,43586.86995642523,506169120998.37213,3624190065.094593,133.9821756605835
27,61623640146.28608,21253852098.621063,technology,28175.54073964364,174767381695.54745,12759137176.677174,13.963200306313109
28,83793882851.24686,28991685005.733604,technology,9999.786273243313,274242916687.29025,2264119031.6791506,123.82801748031513
29,71099388852.33757,29339975965.257874,technology,2724.5693115423514,574251362877.9425,7356316696.11076,75.36657031631364
30,91127028634.25778,38685004195.038376,technology,53265.76370713602,503910277746.7548,14060830224.200409,36.26129224407404
31,78327184318.18916,38756728563.832344,technology,253069.53064282236,639981382613.1709,9190701295.967264,68.93230889482035
32,87956941623.69548,46079737515.28347,technology,23456.92896190396,915386143317.485,17278640836.49192,53.321570766429375
33,64012360007.344315,22292452183.161476,technology,107083.59717330337,600125575506.6172,36202286088.71519,16.70654492982929
34,92922066595.10873,53190499875.98869,technology,110423.16319577872,793747637883.0305,4546074520.408021,173.70733082185615
35,96613883425.05226,28981796366.825577,technology,103898.8212731578,348318117730.06604,73896078661.73195,4.7692912414590625
36,94134481123.39151,41273376080.79656,technology,62300.41263104025,504687203933.10095,7889354647.949455,63.75898238482231
37,75005751717.58755,29964406617.3564,technology,92064.49969677965,412861396917.7654,47841526612.59327,8.727813870008777
38,97989917045.54375,42691574175.68778,technology,79072.72984451438,767862653567.7118,7600356103.949432,100.09076644372063
39,89604248408.53564,30779749041.451313,technology,208022.21086982358,301766258537.1858,3285242354.7370167,91.46453668177782
40,86950658548.77135,34446398917.97333,technology,86446.84899751774,264017027384.13467,2991786652.1182547,85.56032443318234
41,98558100855.57838,43426781074.20473,technology,,443623774424.7727,3930150592.9068117,116.25880603370254
42,81847751912.19148,42374614183.913216,technology,121711.24170565206,1023717074799.0292,21074975011.186337,49.13109094648109
43,100809456169.75302,43349133733.53692,technology,130595.40827544554,975688153350.5773,65340617950.496666,15.03228798041785
44,93965910481.58427,37006212214.08311,technology,48361.04581941829,548595471366.2767,8257573272.099226,65.61411735399318
45,76636500591.31194,24569373053.1264,technology,72162.93913584041,653132313289.8733,26919519123.223614,24.42930872138595
46,87195484932.93114,33658949410.38153,technology,92259.73495099535,385673453603.7039,10083602823.595156,39.03558250253244
47,84419570371.4609,41867685757.42727,technology,124392.26626584434,975672211508.9667,38791557541.00482,24.380591785262553
48,80493675358.95851,30042450883.456387,technology,177867.16541059842,292834133656.2192,8136315669.732349,35.825576003184125
49,89304343009.26794,47751937600.19989,technology,53615.49031901423,595701031779.5638,27343131375.95682,22.512075636865397
50,95389383190.83669,41053568229.13086,technology,24557.216929269693,438487080863.06586,12704883992.999044,33.32270550111882
51,74479158973.68394,38474594351.70962,technology,161155.83932924463,631659987888.5073,3940859973.2406793,164.57313612273612
52,71289927181.49051,43878463479.6552,technology,113281.70062138762,662527906843.488,122958866825.3052,5.442852578241241
53,65064522286.3552,18373194375.260098,technology,50763.81428310576,459359685157.8447,30917476426.697155,14.835023479276991
54,82761496339.85733,43160968146.04485,technology,90819.51982192208,444088615214.4557,19438695384.72283,22.94020302134243
55,96466560938.76376,46027069634.882996,technology,805.2985250907317,394094960163.2059,880104556922.8704,0.4333042898354818
56,64164075301.92291,17525488830.536335,technology,83916.40066328876,398813369617.8578,2660009073.2410607,151.01669815583705
57,65726326296.98616,27256278852.539566,technology,,458909555388.21173,5090922253.370336,91.11767166680069
58,88571417723.74895,42166770588.63774,technology,36451.05507040382,786131570069.8899,284979631590.09827,2.718811461436649
59,80307733022.75131,35505503423.25387,technology,24675.20803606099,754972452989.6926,11425655994.34799,67.77446147113288
60,84108124806.54596,44939065119.07099,technology,23411.276650626714,1003678821578.1171,48509936027.08492,21.278347373150552
61,96437727542.11865,42175976073.35728,technology,23028.647969846446,491463507307.695,6155134431.09628,81.60497857948607
62,70956819753.61281,26125168354.510834,technology,138209.42642419157,231168138351.87677,7668195107.845866,30.355691485506075
63,99088853249.71506,33211481153.295116,technology,128972.38471108644,435918963324.0668,79411318436.0222,5.484596696941127
64,98146870265.96828,46489651379.67889,technology,6205.7087313631455,729343313691.494,135452605782.67311,5.397494668387014
65,71199197344.6088,30157211308.457123,technology,90032.7070930439,510571405075.8893,4415634787.587532,116.15939211024417
66,68280590468.7842,26300208279.520603,technology,112239.87884236689,683893894124.569,8149981118.051575,82.43886198952593
67,98810749820.52727,52685682067.92906,technology,,636549647549.2487,245221126759.59073,2.618541325671967
68,67909901055.62634,18444346531.338284,technology,90961.93973548684,267561112311.62897,5572411970.389843,46.93206298132825
69,83126395343.86644,39887292633.19126,technology,106382.92018598171,388177686074.6107,7444504570.937892,51.521470533437416
70,70508780843.11693,20395553708.062237,technology,65864.44562961638,462774441419.6017,5835983417.758144,81.15325500642706
71,69369013970.30582,18231893113.926895,technology,38900.9421424862,144939563035.52222,1355591741.5480242,109.84168562587575
72,71061950039.22153,35128858294.228676,technology,3510.1795990112387,859172730171.4268,121238476777444.27,0.00716350625313496
73,89961058001.08673,35705390124.531456,technology,116428.64467042954,337309409069.6024,3704620413.780952,89.56298297652862
74,80330821869.96475,35047697185.57466,technology,,510563469437.76843,1756564689.8764272,296.3343669380967
75,89262263103.55501,67696163905.84658,technology,91225.48573835558,818536068171.4828,68027348730.57786,11.887971824491528
76,66033015038.97032,28011688139.624542,technology,81498.33740499079,308521415780.8459,1585998093.5617335,197.13960131589323
77,101727771125.50194,41535091384.74499,technology,116264.76841716106,1060635540941.8135,53431011933.02688,19.573245680904297
78,79836582117.14354,44200301111.78867,technology,111100.91301968318,934650438168.3834,9864976526.157175,92.37399937784748
79,76007532604.18777,41040049234.219925,technology,12392.058771782042,413707837581.26416,16335860731.8632,25.295601398673654
80,79848436880.06918,42938724887.41718,technology,73139.54182490449,417076477027.456,1299975444.9959462,310.7797730700164
81,72837733834.55498,28350441958.18559,technology,188335.42050651438,662975718051.0625,169547007466.3131,3.955500873364802
82,81874856575.96085,33942362142.38796,technology,40802.91616482079,347982898721.1405,5479165415.395619,63.75434668544572
83,101361593582.4301,50803317083.22168,technology,64926.10534987173,335497342063.3211,4610935579.579435,72.32502823235698
84,74830482401.47862,32651459624.376766,technology,207977.88727995747,188997580596.69543,7029382088.270124,26.887361193934957
85,83527545259.30244,35246943793.086235,technology,121215.35920104441,653498553088.8207,3610989509.2496076,182.99529743520011
86,78651132323.36577,27851737732.159504,technology,51538.082404325556,425187138432.44165,45502355691.21269,9.63987161120644
87,96746894408.15408,38593743029.455956,technology,117934.18759726358,287637040791.9952,7391768347.52234,37.91298555281389
88,95376739493.39035,35277756554.41084,technology,224198.60957945336,733533156784.4989,9646698839.178694,75.12369912125544
89,99962603261.07922,43806059255.1753,technology,356636.41494758695,919492998765.1217,7862868153.590238,116.07186266435549
90,77858409381.41402,34614640546.434265,technology,154400.4530611855,454603003095.47363,14150811411.652,31.214341360818246
91,60633109173.97781,35584122250.622086,technology,,592528540484.6266,17002051157.006042,35.14633906549268
92,83320413792.11183,32950116155.333656,technology,123884.55538184982,651986363543.3823,53023749278.39939,12.116853041162896
93,77068532526.31883,24207237008.771652,technology,159267.55462323458,217034239559.99176,1078032946.477038,204.8729200829101
94,83519754487.00958,25732459616.97731,technology,62845.380491799704,415567234167.72046,10576723562.931473,39.57408120089842
95,68333024732.57393,28125457117.635868,technology,37927.40613186318,346651197254.1408,5078756238.34616,67.26889953372681
96,91364622997.4679,41195535509.357864,technology,9567.162936042372,635771224557.5459,35643647421.84267,18.348617026892832
97,68596646618.426315,28928310133.278805,technology,29282.595641052274,531352179968.6267,3908911960.470194,135.7429761457854
98,78711036852.15971,30453922123.363445,technology,135604.9845919887,372564595267.3632,3235148263.2331414,117.48455406041361
99,96700338116.96404,52334882366.64197,technology,98463.01546557492,1255313354429.728,34928270304.125175,36.630955426235786
100,89077059896.44421,47005561656.90292,technology,141658.0281936324,672351717701.9056,43366243399.096504,15.441302877343919
101,98629868910.04765,40599170236.64025,technology,136443.97527336137,341707690164.8112,5796790112.439278,60.365347085483876
102,69153212128.24013,34134260090.50947,technology,25765.98234309637,582102704667.3469,541570023215.5209,1.0816044611371183
103,101320467971.46486,52682402517.601616,technology,35593.94962527573,757426951280.1473,53971295709.36566,13.813466099923234
104,74625461593.38124,23965331052.89195,technology,64241.02065757947,172922672395.72012,1313344863.1959078,131.84015640972086
105,98329526159.1114,52246507044.42598,technology,52142.858390844405,522828423434.42773,11599512663.786001,44.953765421620325
106,87923308476.3273,27004750677.71426,technology,10813.929888772785,282952211895.6413,6648425381.0694685,42.115982693004945
107,93023888796.5358,17178207734.066397,technology,51475.11475068663,261815698845.95187,1525495928.9329503,170.06145683760442
108,77789580116.04091,30329587467.45223,technology,104528.82107328222,456027590502.8625,10973631916.953953,40.288322267188306
109,80791765578.11528,30668567654.34679,technology,124303.22346643094,627369473080.0736,9710723414.886414,64.47713173699108
110,72151605624.49213,31049797041.14988,technology,,630014948908.4901,4008893957.0347905,156.0204263414494
111,67000388045.444664,34650512259.429794,technology,72544.99856992062,958235374629.6202,9198099858.682821,103.48382745497058
112,67729707584.206535,33544577088.185585,technology,30916.25337166658,330502398434.0003,9101052612.642155,36.460742729424204
113,84018226867.4241,31601807006.563892,technology,27352.406394025653,333454452481.6573,10128240628.894575,33.18244007416581
114,82520317982.70131,33821985581.19005,technology,146684.67103780428,536230753380.1329,11333025197.070604,46.567518610257785
115,78349177694.17966,35663971597.62655,technology,80581.35278878464,542147620567.4293,11460090464.771282,47.94104550128328
116,67278369837.13286,23644693930.399944,technology,104209.81747838957,364660102055.39417,2463610415.3886414,150.83027116439104
117,99870757654.36938,31639329193.850597,technology,94103.96922471942,560433696335.2394,3923341007.458836,142.96122940129442
118,80871117568.37164,37315339949.10899,technology,107290.32564811551,450440867370.5446,45024558568.9409,10.314082951832454
119,88664265420.40283,23229676087.237503,technology,148217.1825207637,476585935475.0407,3204535106.546899,147.39854236851332
120,89130783889.36804,40548130259.84662,technology,28890.160391483118,480682137768.7865,4969708090.688041,95.15340345867818
121,85481851897.73145,44770133029.88653,technology,146261.19100923982,647711641054.9667,141716306326.16263,4.774751164963209
122,71265804442.47499,35205810373.51113,technology,91525.67634216817,701255883720.0012,13346891618.420597,53.864386300232134
123,92691758147.59592,46843094057.85549,technology,213045.3276846043,576839433948.8356,7724288219.748464,78.58152036140052
124,66221481408.852806,28377326593.220448,technology,40105.60917675224,350557947787.0401,123209306146.00984,2.7892651940827053
125,98461566739.08347,42272443600.93744,technology,92140.03218482934,550412401124.885,12806972778.756826,43.6758908096843
126,95899573129.37955,50228192361.49926,technology,108166.96374069611,1008517595318.4862,8511170457.254623,118.05200293207328
127,90624940483.27315,43434387395.29993,technology,,947193260651.9243,5545749788.387232,171.31672325117296
128,92064274899.97873,34618804139.24144,technology,77197.08311016954,670531857160.3538,3657265270.1661844,181.28748192509585
129,100679151110.91306,39516144385.28211,technology,134634.6327576758,608085127381.9186,6360792503.169123,95.5201802425291
130,72604913409.77072,43825061333.16688,technology,92094.78077477532,683794438965.0406,41061208889.628075,16.566646480641108
131,83482798430.02728,28741059798.587345,technology,52529.14416022008,546122575009.7932,4020379660.3400564,136.46235241696235
132,82358970493.80597,35740225645.988106,technology,20799.155139328148,424818873462.4177,2752224438.152109,149.15720117594543
133,94385288774.52039,48435627170.87162,technology,65076.09488134835,589100970886.1469,70243663908.68446,8.30520927514404
134,80082338680.4763,45083324055.725426,technology,,557700566821.1262,12346993516.364841,45.82696134149835
135,86951074345.94176,29829609131.875465,technology,199767.41757290057,188006349839.3921,4805452498.234949,39.83906563509746
136,78555758036.44464,45978443024.303795,technology,48482.28390669513,452794919067.95764,5003930638.793607,90.30522244179953
137,93840133161.26503,56503917999.1911,technology,,1134117742317.804,1692844782969.2104,0.6667544681593492
138,87621970492.68707,29985833807.85264,technology,191392.97108810014,772663565791.7615,23338169414.464314,32.832294804287024
139,77923292366.72011,36041449514.23147,technology,114883.07295653144,863117029738.8503,13565488086.746243,64.07335708673106
140,99480352093.79889,41429881648.56777,technology,264995.76647486776,344891738417.81854,2554689884.1789837,134.42061132491256
141,73790380434.00494,37652041370.06872,technology,60878.885944742025,599350992587.5032,484416197128.5025,1.2183462078708769
142,86531196832.50713,52180127259.41668,technology,99550.86105252874,1376334186140.0173,11766763687.408386,119.08298230788773
143,81223144099.09126,47246008270.403,technology,29280.64913865166,970840384060.0408,6143098507.218619,160.36302904603644
144,83496344331.24408,36531212687.11317,technology,131601.6156528477,390309178248.6746,6416439839.335038,60.50841016152012
145,75252614218.16327,38567565213.5687,technology,265678.6531457516,1000094459644.1879,10961930264.33113,91.61543376250795
146,101989731002.29135,49080844233.0995,technology,37672.83258092445,889168818607.6315,48499680241.18118,18.013500236935958
147,96244775635.14592,61272171958.91556,technology,35393.44632731994,461985016011.1752,2575695670.6268744,177.2064524426771
148,70725204089.03519,25615621021.923,technology,162298.25737226527,383052465854.18756,12176176002.078209,31.59615442292037
149,73794188220.32895,40634290390.71168,technology,,443054942626.905,4422069812.146548,98.25904554818807
150,73641003997.9831,32350398529.109825,technology,116923.69803357546,464973295008.97784,11843733687.455124,38.58950206435998
151,100394874391.989,54213944629.523346,technology,85534.35996667214,609143936605.2102,7160752223.707009,84.55983362282782
152,81719633231.21701,31094438584.146397,technology,121779.62460913279,280306726566.65063,20641564734.018898,13.446109913333165
153,61784268507.521614,28581003086.55107,technology,29675.087628036083,418538570374.0454,7016231358.18011,59.05596329611003
154,71963389056.5182,16462893953.343845,technology,138562.10385119886,419874156731.5029,6490517278.961171,64.39294778697307
155,93324023321.41733,27311317077.196712,technology,75263.91181970935,364751537763.6636,9377288441.820002,39.098860098744574
156,89130465635.06592,43360820547.199135,technology,32785.64033660096,1385042044766.5942,15131638552.024181,90.55208035731737
157,66801513013.28928,38706840228.2121,technology,2685.8013144316833,451724901441.64667,8918498647.009016,50.63856925212255
158,77144337563.06947,32319968232.85373,technology,151631.01316510403,695813938630.6455,14993274511.222296,46.822740818809535
159,66483536366.84641,35722921297.316605,technology,83663.41534125581,503822881806.2538,1660107286.3866706,298.04985250295056
160,61957562578.5181,22301882755.86027,technology,31062.16179146076,312893176378.69806,3238719208.059571,95.25475465559599
161,74331054025.05971,33339593590.03491,technology,10442.762619724323,664715687289.7273,6276986011.11141,105.24924496594996
162,88569062921.17033,43203984166.784386,technology,,566059592142.9679,8258385397.364888,70.60852680263717
163,91374356970.48575,43032771665.54403,technology,,326695541572.5271,2769252795.511201,121.84843621689839
164,76183969412.21404,32735732444.489452,technology,84179.21145969842,670743037552.8629,4286158582.3659973,159.2361099401756
165,77527818690.62958,24167591850.24279,technology,21689.351052942344,413134927668.4222,2725601026.7902155,152.45423213760148
166,90195171927.78726,52683146282.32936,technology,96541.14336878197,1192675364788.7659,52994965868.43605,22.924100053479112
167,83295923428.52328,30483983700.73648,technology,195023.7822949339,329171406163.8942,3208352317.4343925,104.060191457765
168,66980818244.529915,36424753483.55616,technology,128988.93857064402,295579807594.10645,8131017528.960242,35.366171487866104
169,67068984696.02392,29375811057.2155,technology,114973.70830687736,615919223491.6593,8663201736.039991,72.83073002263387
170,84071867186.75626,33901163619.428413,technology,165524.5841297652,684869342997.2798,31199476278.73163,22.531836761733462
171,81573171729.8726,27616169206.986366,technology,11405.74177157441,636095170846.8806,5459794358.392395,114.05758192370135
172,66544261829.86649,26428894281.63509,technology,22622.15104919996,575181036039.8367,11451359860.538914,49.756431083091684
173,67631575274.53361,38804210273.15183,technology,82458.57160951967,556631529976.7345,14219779800.292604,38.99078015846389
174,64187914026.833786,34604915835.1007,technology,,862520417899.9094,56424280617.119545,15.068784355512825
175,93941666255.87166,33062465000.065533,technology,4799.04003271339,161969786915.55948,3070957885.9231477,52.699408063285865
176,83986099496.80763,36867170623.1495,technology,182407.87871743768,463025332887.38184,10156856422.331238,46.04077372110965
177,82078230896.5086,35660948731.62373,technology,112185.10034328126,328692898686.05884,7165433084.716338,45.99906700476888
178,79116145592.29964,44287052231.21451,technology,53206.0248107959,1086367955141.507,32716339108.059082,33.58279606331631
179,82694060897.63863,43261950827.40345,technology,47473.561776769406,993936856186.7726,28079883687.35725,36.91485844452586
180,97616422754.32214,43274015390.23602,technology,2590.014211293869,447432532827.11395,2336682516.0611677,195.8550401672216
181,81448675015.33195,23136594969.789387,technology,109920.33667381821,414110358932.831,10465264676.51037,39.41439067613844
182,100847756428.83356,19195762213.96832,technology,73408.31902971247,383993337028.6206,16706398401.302326,22.845802644590556
183,80698610304.21771,32957961306.96502,technology,35824.127623521854,973720401628.0264,18704846323.167747,51.00204379270048
184,93350788796.19162,30923185653.030087,technology,30929.967164260317,358577534881.5581,5652697488.579082,62.792975222619134
185,84670295109.61302,39425286786.93205,technology,82736.23573673335,383320206023.24805,5981134955.656828,63.56907268808966
186,72667350316.78763,38641437789.21931,technology,45307.28606920235,536757019396.60187,27719172499.27081,19.4595699258927
187,62459261432.081245,40002081693.11964,technology,68257.96071689542,884915724995.8911,4754419201.526495,190.5483873588277
188,86411770661.89604,45618333774.446014,technology,53859.96600336485,387305827320.6841,4305039663.016622,89.81880726522293
189,85843131144.54967,45633789806.6672,technology,145244.8817547085,596109812942.9943,2207473750.560425,262.140851345278
190,96066642108.8862,43174804011.20338,technology,100789.41647114774,1033050610384.8667,37616396202.20173,27.843347192935617
191,73552766568.81847,27212656211.713573,technology,98049.44340662372,450903670768.6908,3482581223.207303,128.5800831557619
192,81604348370.44066,27895926525.87806,technology,67438.07133781258,704689668597.0032,6500566244.536975,111.19972497234144
193,92982298132.39148,32877300874.189587,technology,123606.81718173824,402245823126.79736,13934266654.800608,29.683011397399458
194,81044552218.22781,38651893581.19348,technology,114264.07235275811,1167356708020.2358,42180818550.66375,28.10332070860291
195,83337744859.12283,49276318225.727165,technology,206209.96328129276,753029500897.4738,46833922267.17158,16.123782717435564
196,83719815758.03577,50880925534.774345,technology,199736.9801106758,1083177552522.9581,14364035164.956285,75.17868508197617
197,64669748955.55678,28934021322.3097,technology,71059.07851776459,220147006313.6712,3188335200.950119,71.40467522329355
198,80025343766.29634,32265218697.76114,technology,31501.357722569566,774263612044.4878,6284620472.748957,123.93443844963947
199,97383091976.1006,36157310012.90289,technology,,397469945919.465,14690905094.401093,27.217148185637047
200,98593460343.51158,50963370635.818054,technology,93223.75588511607,722947366016.4913,14478731567.699675,49.56118743571159
201,81331298138.60521,39687270524.77409,technology,48438.24792186903,368750277804.53064,6501033112.333821,55.72319909845754
202,72242173997.43588,37299076544.61543,technology,23462.614486599847,642561048629.4508,11390655896.534887,55.81150873598712
203,91520987788.5386,30702557287.7474,technology,158579.60056794304,601213687423.1597,9536903585.486181,62.4426192344156
204,91098037785.95573,48403469802.87207,technology,77746.15835437023,488450045209.004,6983972361.177503,70.00691980316415
205,96222358437.2485,45870413764.768036,technology,162577.0117723355,591397109178.1276,9040054040.175829,62.91138025882571
206,68484245794.01143,33764329928.658997,technology,116422.43475119087,665286471525.8488,20044099896.413204,32.82808299417035
207,101401155210.58261,41530683649.727455,technology,23590.13302627976,947700210067.6814,32456917311.82384,28.766109021860995
208,88679487584.05145,33741385927.716297,technology,21227.280642826066,297694390044.31335,2212650157.025843,132.37117814558238
209,75561564154.67229,42644884463.30272,technology,131345.76733392483,1158223319597.191,52106503979.86077,22.747739565298357
210,77028305664.18651,40090697080.60034,technology,126478.85963003866,556393292880.253,5684508049.851128,97.03297651238853
211,101823769416.8755,39802070881.52296,technology,111074.23783910023,642506042465.6516,4868385925.5876875,134.67397574725936
212,68890334619.58351,46455456889.22634,technology,26902.686048136482,583332055878.9473,39374068784.73995,14.620723572907027
213,92167818589.49858,38849321132.071495,technology,,615952991295.2157,2797425823.212371,222.9452393214791
214,65970240586.80654,33304026442.80703,technology,204115.24284878882,201182043194.52054,2818602721.99823,70.85899599511282
215,82914612476.95099,36926806655.8453,technology,118572.60821857788,284671242098.61774,7427556726.579129,37.25660120275742
216,79922620226.9429,41864756376.58589,technology,24346.603244156377,708167283818.3036,11836944347.760695,58.27292172192
217,72527459718.17914,26219820109.02751,technology,67358.58796207109,475196094389.90735,4246455286.003102,111.56828113917881
218,72954387117.40343,38072881178.11665,technology,138362.15372713815,257774654834.91333,3127257411.907,81.84853318265475
219,82918599439.17105,29868855708.184525,technology,,697202427476.6672,54230488978.39968,13.09219720866623
220,75265559365.587,36531687974.67402,technology,96214.64542519924,759818065337.6958,19826350247.202087,38.44340304497911
221,100607650331.93565,50385267182.86148,technology,,890753057512.6323,3455396240.5146513,257.46919895389
222,100791140078.9596,54098498044.12834,technology,167081.82506199466,1116771624882.9016,41342647616.36153,27.982393838812992
223,95055643335.31052,27709764480.368057,technology,183976.6937608248,370363907184.7277,6070522726.464325,61.40332236070329
224,63465000427.89846,24123630504.263275,technology,18672.834339955116,273406504863.62378,8304793427.582008,31.769191063335626
225,91872333004.08574,44598759191.08105,technology,78329.2514811638,1098796904619.3923,22708566480.94313,47.0840301455507
226,93996575859.39137,41690579463.367805,technology,81179.33370046288,982166240472.1951,14229233439.045408,68.04657385844035
227,77878889087.16707,38036945219.285385,technology,1061.5817473743627,354120987589.1448,4578358372.439827,78.53906077614427
228,82826920630.98198,41735939215.13787,technology,147389.39130685147,521909454769.4847,6549356125.242471,80.13629385381547
229,64830839750.94754,33224837920.158333,technology,103548.38327629725,437427933915.3981,7006139083.549546,63.73775717722494
230,84561601677.5833,29206012396.863453,technology,327542.1114065887,393972254998.607,5248969576.939947,75.65859437177282
231,66660623117.819176,29138796991.091423,technology,39575.592971632,378368116276.3989,1909655987.851589,199.9989790949697
232,80492184706.33797,27208945873.40432,technology,142916.5425943194,518721408663.1348,2721240242.1851835,188.73705730759278
233,66220217292.86826,28981066797.058804,technology,,549874213156.655,1988179839.9651349,271.3467332887338
234,95436564356.7348,52473525067.7531,technology,185428.62533725234,537006253765.59515,2637383594.501873,207.48850025958737
235,97307199953.37135,33824674838.397068,technology,99897.25546089956,193647715780.33865,6882752577.35623,27.736498372649507
236,76547294878.8955,38540180741.31628,technology,93592.04407889063,324160175385.7521,7077067176.562256,45.5632523471048
237,71438433561.83916,36761640019.87395,technology,163602.6070026047,558936371836.194,22832538181.01013,24.149665332296006
238,86968325458.56593,41202008790.17324,technology,299712.1540040336,578066044911.075,5709367851.511767,102.08888825523326
239,71319620819.38077,35986804346.893684,technology,47966.72704503159,616532614370.8049,16746782334.768856,37.50260456115334
240,74608762823.7625,19147619515.65515,technology,5981.005335713719,318980593044.9952,1711528656.7974217,187.3393299920273
241,79912668399.41512,33692196936.77937,technology,118890.95086053498,663659999643.1947,3949316648.379777,167.25308295448332
242,86019983054.43994,40488086971.500984,technology,115746.14625693954,397540023350.20026,59220471840.37143,6.584006511068251
243,69368942649.78079,26092911878.193325,technology,110721.16777494016,432885847972.231,3140134674.4074225,140.4200452888624
244,93942890720.7707,50648623590.50674,technology,252532.87729525825,1124655885412.8743,36686844829.94126,30.764457225194967
245,99021059817.4309,30718876009.14054,technology,84717.90613033414,634044426708.8696,71495568056.75948,9.123482857950957
246,102585104226.95044,38476978554.06635,technology,61173.38386377356,481654937845.8294,14191489447.055416,33.98511899247091
247,90055733700.76546,35455104884.25208,technology,59112.570350267764,716114559104.1299,9439789401.925022,76.70787517204342
248,63566153326.907234,26969473634.498093,technology,59167.318739962066,581108481774.3118,17597660941.461563,33.083840572926576
249,80552353865.1092,45506079729.549286,technology,,554685468266.676,2841453020.642189,194.79574603042502
250,14561120485.832243,1201550123.065482,finance,131382.9068214391,18923160804.76708,315381169.2439028,59.8800300583934
251,25086513321.283325,829126498.6326978,finance,425256.9231005825,8021229080.838805,58532837.16428431,139.13876178798836
252,18667911223.221565,1483489027.5118043,finance,20969.8568127484,40755368947.855736,378086797.5715689,107.09887894994907
253,23534140826.081345,1097977523.1877775,finance,7607.10122887052,26614943374.64942,456239323.6329232,57.261729412451636
254,27269268435.43694,405746832.19013256,finance,385023.27818093175,6708448624.100149,262168550.39932713,26.153696864533153
255,11009382978.762066,313879467.10118514,finance,169432.50893156463,8043604485.340833,1417203119.5314267,5.66420489377231
256,15658015544.928745,868885626.5139804,finance,299332.270872663,11149783560.367647,227018136.00683445,48.057696060084815
257,26553973055.228794,2382031448.86027,finance,199979.42095955778,30789254880.34516,228277924.4913065,130.9548503508077
258,21489115278.98941,29173695.88855505,finance,306510.85994395433,433768305.7887553,11070120.213869192,39.758616093319525
259,15491926070.52209,1194986283.7331698,finance,99685.92998219635,16280224748.876581,117192664.08799493,141.5256189768437
260,18227831679.00063,1447965570.8649323,finance,245520.72278132258,15023945942.262352,929652928.1141547,16.194661038871086
261,24760407141.32702,1240203456.3930094,finance,113762.35147127892,26034947727.12066,254018295.4844574,102.73762332317033
262,17809303430.635715,370235956.4620174,finance,186755.93436146752,7408028731.7372055,499114676.6574938,14.683369832785583
263,23544564925.33255,397378367.45901644,finance,324574.33517776994,4517970904.632643,17733804.639269143,252.61975345134397
264,15581824043.973322,107089620.47691867,finance,176554.60887668672,2842208533.9252157,47295297.84059094,61.699446088468555
265,22687037257.957996,1401485356.0210235,finance,147502.343847814,23048425842.483566,4848206822.371172,4.678909143706245
266,20989251503.07446,2532891844.2960186,finance,245488.39378762274,28042849161.558975,144796617.43622968,192.3794099860848
267,21589437174.01368,1205818988.2278275,finance,249363.2246072318,9012839167.835325,45523179.55210496,203.60969327540738
268,29469549574.760036,26844910.605867397,finance,859566.486662732,351792615.979845,9784065.244020417,36.96871356582966
269,12109397510.023317,147633313.6481466,finance,527274.9939359124,3473222066.1429114,20560509.37385732,167.4729663560765
270,6894901655.481155,246084600.40242183,finance,63072.57832637412,5517908659.292775,58350006.06385415,92.88871714403663
271,21860591273.770508,2313709414.3515496,finance,173345.11985002263,14254410482.317822,1038653651.5375676,13.564262064010936
272,18299776054.642273,510166687.5771391,finance,70027.46751378755,7288700036.915852,1463339076.9094234,4.90944814540921
273,32115071001.812557,10724463.955046587,finance,582479.8142556526,175688187.70746526,2749166.212928533,64.66353021944006
274,23231204975.953938,1443190119.6419199,finance,119264.01660939115,18160620268.49432,417225937.7441082,42.867749467494654
275,14527715757.221409,1041632711.8045113,finance,245.45006355183529,18157019311.34775,512526519.3073615,36.05711508652179
276,7080511238.263302,330253968.6896185,finance,91317.73145108401,5833089886.885583,26622630.388974566,221.12038617578125
277,7250496892.681038,521017463.7559562,finance,135991.28430666897,9899448339.03279,87192560.87153995,113.51350117641094
278,9093409249.013927,735775930.0677465,finance,56805.97165042832,9209041756.138548,349531954.5129476,26.504613567022385
279,23562664488.36048,17706719.679393847,finance,34614.70817057368,143967703.98939186,32756364.89382533,4.377433433781151
280,21196093438.514755,1956866408.4389832,finance,352594.2330560754,31199734154.813644,294514509.26107174,106.27625468285548
281,19133578601.107925,760129673.874214,finance,78707.69754947712,11927782591.248457,234062700.09874994,50.186794298354826
282,25204265264.55289,106992442.23665391,finance,254457.69581356223,1390470184.8578763,55222382.35382988,24.122374920874115
283,19322015688.870964,1537159882.2274778,finance,172431.5367486264,32523003245.685238,927404921.5889542,35.31206974874902
284,9260271040.519283,21666003.134683173,finance,80273.71398708648,309053869.6293564,1612905.2284071024,190.7435383562686
285,18393477605.502346,1831203195.6919649,finance,387317.1637979026,16767044731.945845,102429104.0489473,163.70253431074278
286,15149719839.687275,74056046.72568303,finance,442078.1465190572,1118658800.7223523,13575652.417088695,84.08719902316058
287,12479717049.066523,931591773.6704941,finance,27306.98745460273,12217782950.794035,412056192.9210789,30.07645872287394
288,11554556498.416769,703821324.7815088,finance,166067.01163986285,16314701966.955194,469534476.5543679,35.85979693836829
289,18405709757.33767,422799689.5431631,finance,195878.02974784237,6825887885.195114,275845059.99594,24.129658202976394
290,10716962195.923027,997685926.8499852,finance,425324.832984288,7311446260.271025,110621276.84391363,66.09707382253389
291,8841563170.398205,231317954.68977094,finance,159881.5764129644,2141542477.4288769,37063690.083173156,59.358377644940084
292,10958742994.977886,1261919964.6219678,finance,80099.39026583303,23463816886.91233,2954131336.0470295,7.8528003367926615
293,23079808057.6411,1586158894.0362432,finance,493678.404601292,28713040836.68171,380760968.10953957,77.98654242013735
294,18803500856.483902,989905118.1674999,finance,76854.94051028756,19220393036.09175,342614035.1347655,55.79142238152638
295,10929153015.694544,114897067.78160319,finance,129889.79284601385,2328577592.668259,17991562.29861534,132.36851514391253
296,27266090621.027966,357405046.8045742,finance,656373.6760933404,6986716511.391403,80909731.25299412,88.73986197866932
297,8786763478.362623,907176420.1411555,finance,215172.98069648832,9817236067.485624,742849712.8224499,12.95400802905706
298,10500682252.735756,1179381364.512562,finance,187108.64678727815,25638503740.844757,539982484.1173689,46.79548685187548
299,13119528803.785604,707641092.5596086,finance,,12091991587.497278,564268309.9160839,22.347549070043137
300,23832550830.71181,950551086.0225953,finance,179621.59152260132,15995473245.942999,307138938.804894,51.92059421372446
301,10370185222.252598,657835766.251808,finance,176669.27697883037,10370686096.883844,407825049.5118144,25.509359850860644
302,19118241698.76758,953905176.2815351,finance,216556.69528028966,15801630338.483904,287796667.09214807,54.28644866029639
303,26260725868.478973,167019856.4236697,finance,,1710803983.734324,13112444.91662618,131.2649287531215
304,21419660951.65457,1183220494.1000714,finance,625172.8410331885,22261702048.46156,220999101.92408785,101.60673745017017
305,13970907149.938875,831488699.9480637,finance,217409.69868767494,4218691641.5819397,49375161.33992705,85.80461284524608
306,18777557587.62263,1837576870.5206194,finance,190750.8827392266,37987487967.58253,3836622833.2493777,9.900916358387647
307,17326356244.52708,732091155.1966515,finance,538973.7167560951,10597002495.945953,509453105.0018294,20.393628747930112
308,9624675613.288658,28388781.293983243,finance,190753.98659368444,532844061.4489114,5537875.584755454,96.28283551691845
309,18529727779.576588,1046220122.5583066,finance,143843.58061012154,15649211894.399649,396341151.6608617,40.137021386991066
310,18066563238.93733,1798921089.8236277,finance,168405.38399888267,26209340007.18827,997574593.968658,26.272251441194822
311,27657818431.432625,387906684.13358384,finance,477656.2609962502,6253369035.274375,38579587.889515385,164.70762451647215
312,7310281929.107093,333552978.90935075,finance,131321.49723707596,3206780486.0760617,18899903.051669575,164.9452983696675
313,9547391104.425825,60787620.855865754,finance,,1264326150.1921728,12473378.402655939,103.87858069887272
314,12506597429.88015,810654213.5963763,finance,123493.45397307168,14218572339.661987,136010986.6893724,105.10066438956551
315,19399562528.52919,253638593.66361716,finance,275848.8975131095,5462891610.302327,49374743.56144099,111.54844258854736
316,18228570049.176605,1297059122.774989,finance,150899.86188223434,26030553379.730175,537123949.0245589,50.20967960213433
317,14545128957.44193,837416172.7570146,finance,122781.7029701967,12902414145.379728,110182854.08297667,120.88367624445522
318,14105376725.340776,956820074.1606177,finance,10388.83382246927,12701888195.571472,811199175.6350472,15.792064404145183
319,20777080752.16232,824410668.4618527,finance,348612.7782225536,19048073510.176197,1411808036.626007,13.580371421134478
320,11522517386.8724,958492279.8715783,finance,2882.3614560593724,15785760096.353672,486978346.1652414,32.12504518966531
321,19302128964.665527,293612315.8588484,finance,320407.1602107616,2656421418.0115957,72759308.36823945,34.78095870105509
322,11918761457.729832,709012887.1301147,finance,290783.06091038947,16684829967.918175,175834031.22460204,93.3044221582353
323,17023791290.042646,1484927061.268465,finance,239742.46945001872,29116123325.88627,236200191.4813956,123.61105989742957
324,26897291440.1646,374287077.7405455,finance,340980.5829669181,8182581944.000548,84987652.56372467,95.3542248545697
325,30145327789.848877,1197293599.295881,finance,311637.74144698464,23569468180.858868,233418861.2870237,99.6037220770231
326,27927156276.625942,2426182952.4185567,finance,164022.85458117072,35838420501.802895,772430142.8966546,45.277414625884546
327,22205548009.2138,2499340158.675111,finance,31720.50865681271,31510647922.65042,328174161.7732645,96.89608264165857
328,15593665409.969097,1335655890.6265912,finance,173285.9878966139,37625545320.07561,182330549.10440478,207.0547623458088
329,24397031283.61206,2095478490.500318,finance,123717.34074342115,26318309221.396374,669909368.8471636,39.18840253362842
330,17732909953.24485,411177627.9164233,finance,208899.11202260887,7424184880.687672,91206718.4652443,82.29848925175945
331,13904906867.375408,70587704.93658824,finance,138913.52974174474,636932045.0312334,183047355.09529188,3.3766947596158783
332,26667959982.72397,1529194276.4692557,finance,242355.85696980383,29749656079.407314,817021447.5094601,36.09251653830075
333,12628846459.790365,1070206873.5584046,finance,412824.796357484,7116207195.311316,58331051.643818155,121.13852721513447
334,16763498474.605356,494569760.9122643,finance,182641.78913386818,10946356302.632217,1035085333.3627033,10.53583638114557
335,24589018441.27282,2189183311.108575,finance,78610.04333993005,39711666811.77625,506436385.51376253,78.29515003916397
336,21352224108.228386,1366598715.4181542,finance,,23814710095.573692,2666524123.5525784,8.94888879987496
337,9905953316.32329,727295539.294805,finance,219990.6733259489,7187175152.5432005,186892356.2507777,38.532361069127425
338,7108378957.254596,341888869.24191993,finance,62491.621622244355,4503136265.067914,246764267.76937053,18.57580555899035
339,27297281713.866432,372366466.17181593,finance,17466.88270424916,4926029043.378122,109406464.36481398,45.42505827752814
340,26636023083.493137,1536364469.2970927,finance,383126.57863827306,41400777684.449066,3710057296.7150755,11.088922721570935
341,8332893330.317482,22000184.535936486,finance,166785.5860104301,205945232.35242543,927086.5824360821,225.39809049537374
342,8958864204.894049,551671604.3376583,finance,157110.95886137144,9843367224.020784,50333035.42168472,190.04900230921731
343,11025988188.083887,161059057.05714577,finance,5807.815978581616,2731180135.4671874,117531616.50715199,22.559452387254424
344,18663810834.021698,187019769.94315732,finance,196372.45967010883,2639031204.4557796,62576678.029458515,42.37823410622769
345,13501746052.024242,1483369410.4506812,finance,119284.92183317221,27795377324.06167,4362515718.65096,6.532553424570648
346,20214229300.514744,419576844.2540927,finance,136333.9375460326,5750621474.289782,28692031.71818069,196.0962846592459
347,13910522034.800076,1421349551.9563723,finance,330.10873022730095,12262612902.114737,251671158.96416506,48.459791900086124
348,11261719372.65844,1164551999.5429053,finance,432246.68356489966,15349977922.685417,548279775.4281143,28.26778295799669
349,26697460459.669827,2079540315.013116,finance,286258.9551291195,21337087475.90609,453410929.2913531,45.59199796804368
350,26208005799.759315,1733167667.4497032,finance,,20605120567.615124,252952326.37630185,79.77670096871098
351,19816028006.04635,66484986.119760334,finance,244656.6473982758,1783165846.0378883,52772845.74451475,33.61335099141147
352,20468038634.67628,1564996711.1563542,finance,292146.9846050227,22558881005.639286,251087243.82404232,89.48031771845886
353,18478249755.584896,145849833.65211326,finance,222906.1481023032,4059163831.058477,39355711.21010776,101.29855328123524
354,12990518238.80744,1302143463.2717235,finance,228922.4195909856,36439702121.799545,1285487772.6566806,27.851555623156024
355,18328326997.91901,171060544.36456504,finance,,1896859844.1913068,47552888.116307616,40.160142053163085
356,16196244598.510305,135893482.3858663,finance,250648.20043517472,2127022519.1327062,14692835.835205918,146.36205026145902
357,13427812326.955687,73986386.68802033,finance,113866.31569390603,995868970.7221204,15551004.491081527,64.4056666371037
358,24159554691.05657,1558012022.2368908,finance,449047.1298893319,23348322180.697174,92668575.73456717,246.55939165559528
359,10730613146.659348,868030012.3582987,finance,30550.788700219266,14296407645.351156,209064293.51970887,68.73659188884936
360,28461682456.743546,1376198428.8058524,finance,408840.4963420833,31131242492.339252,2005336978.8420959,15.114908996752844
361,6035118724.03566,279546963.28694296,finance,9135.85155019424,5598610779.607543,283469947.75584203,19.521722821963756
362,13999385378.022675,707373151.2254316,finance,,5339745968.344216,37111831.649526715,147.6954400931129
363,7072223239.220972,440388771.27114594,finance,7361.650880763756,9260201751.78962,2100188990.4211829,4.4917485194750295
364,23111231854.485886,702654847.5566715,finance,19080.446923759955,9093535359.071358,243215055.74722272,36.88791953599363
365,17084686035.865376,977964310.9238951,finance,,8514361045.153131,119269784.46447566,73.43476888663147
366,13653714959.353436,1287003328.664431,finance,53325.7107187743,22943635283.86398,188667320.00914434,122.82764810241936
367,12001892974.544098,1094338621.9229486,finance,126289.57430104323,11956352749.772856,64997448.63404076,183.24913611362177
368,5480671393.952389,38417578.59501813,finance,1351.2780930321126,405799289.0317253,3094767.9917360726,128.85029525058872
369,19212757127.433216,2119842732.2310867,finance,337570.6283951811,37446004898.60372,344481895.26404613,107.00673688753784
370,22755757845.948956,2851676.598169693,finance,180999.14865359152,31985878.986372538,178353.61928543056,177.8600000647834
371,22827248837.48592,1351929634.6927829,finance,548330.0499511862,12546983696.275537,62712319.98282449,198.24478120838018
372,25251851278.332043,1445897749.438638,finance,110183.58947481167,25957895816.43768,4418075739.657049,5.828362795585116
373,12883756293.770668,685047070.0140505,finance,141524.82556393222,13093406859.3968,187016716.22304824,70.42576243636933
374,12202152603.935553,80632066.05090584,finance,191446.19998329427,723640795.777578,36381597.14034646,20.11542075781899
375,28103537389.6542,1929033685.5874615,finance,94499.60128627013,48032595081.180916,372603762.34816206,129.15585546466855
376,17951139845.488464,36847598.72551287,finance,,510474086.5632077,9097254.01613053,55.2446669456838
377,7674903583.252852,585778960.7366464,finance,35793.77690840135,11474621530.11258,81447332.38211615,141.00854653731488
378,6428389636.754588,418631020.2655089,finance,200001.34271512646,3895425562.029455,51537236.581843235,78.22555936753233
379,21981975132.884632,1665027597.5094905,finance,192989.79372295577,16031877853.132547,114867510.17036478,140.05778463273128
380,26436957347.109043,1394229629.3986752,finance,,28066433370.995823,847651579.6402361,32.540127264926504
381,7501196984.892906,509910412.4197798,finance,,9455583619.43841,66434894.72841011,143.1801623076608
382,25174201076.039055,1862983896.6015265,finance,30428.620986132217,19086096758.982105,398520055.40664744,47.25608044258483
383,9974682381.084295,550448625.1314249,finance,5216.269067002587,8853659339.255829,98925921.88972373,91.49869703511888
384,12228270615.169731,272642328.7012536,finance,251139.95462508552,3401667624.0413346,35244917.31785485,98.29542158441795
385,21542670030.372852,214752454.90548405,finance,225782.81275732678,4475982390.25468,266226291.28719094,16.884751385134386
386,5293376410.259705,139579787.1970797,finance,12337.063557458338,1064347806.6031429,13433894.963817883,79.45493424474739
387,13269324520.705177,770184549.6442546,finance,177389.71386827968,13342359105.408144,133397384.59088664,103.01794286155129
388,29808297368.453102,2420013103.4239154,finance,455811.8953218815,56511057085.94569,924244985.4724488,58.930783110425416
389,10116999551.20909,679071545.9612956,finance,9220.839620684941,10922352757.39784,344203770.86913556,31.492208404108755
390,26766812512.396526,1922106500.4659255,finance,48973.244995113135,38985205315.92597,459948118.57312447,86.96072300714022
391,10534995657.83089,877847209.6001879,finance,293067.8956513663,7719747574.384011,49071163.1338625,153.6153264767901
392,13966826671.210596,1210121128.1468163,finance,26757.678661325415,13330319598.461172,131507256.03276865,101.97935532207688
393,21375405971.90247,1515293731.3678079,finance,101808.86314424682,35037408414.40057,974851803.1870103,36.02046065498924
394,18500827296.113613,1525450024.6771379,finance,612.7592708745478,13270717015.197817,241836648.07482576,55.41408880265782
395,18269046482.62395,440717893.09933436,finance,30269.9734103917,7646738876.3785715,46549177.996103644,165.01134589669869
396,26422094115.610332,1023933578.8934206,finance,175123.9189990522,11461788685.827726,54026560.42965788,212.67321057346885
397,21185326386.176586,870525976.1509981,finance,448892.4638231117,18858969254.158203,849656002.7954544,22.710365708853754
398,18160304861.079525,726137425.1153753,finance,73758.59837065818,8909929824.183653,1539756853.9065373,5.7371083776740495
399,17299288967.581463,1457185248.6792257,finance,361058.79585855827,35971460129.11475,230384537.05677888,154.1585928143474
400,23538155927.748596,2024090713.7120993,finance,388455.21861616697,16058907852.79571,467101598.4734453,35.31823116662925
401,7629668925.309243,257889272.72466722,finance,65206.25745075898,2654868668.233229,17867738.058272894,147.90180235623623
402,8214891000.516318,272244633.3059104,finance,71446.97318798563,6896036487.527592,104431162.1449796,67.52347782868503
403,11462219987.426062,335185534.5636778,finance,65782.8153577987,4840455913.504303,196949547.51008138,24.235093777713384
404,8675065759.723375,591499425.8061681,finance,129227.05475829875,16621372342.504822,1596498627.3481498,10.133880677459382
405,30573457059.319736,430840075.100232,finance,664172.1265140763,7335989855.88401,1901903442.00756,3.8623224724478145
406,26616415753.448776,1009974380.6402608,finance,61313.822865000395,7377425943.078225,84333619.30927594,86.28332923241838
407,12658177006.010386,503228310.7806182,finance,,8683599099.457684,109332062.88310875,80.4754339913156
408,16046000860.805471,819902412.9238483,finance,183392.10539444353,8481624814.205739,355299117.03829145,24.352759200960246
409,24046026618.536476,1029832145.947934,finance,96075.82526001187,14968487269.505476,247441992.69845048,61.11944728652396
410,20431540386.510635,2166031919.643297,finance,384178.97616184945,28341691925.69878,257582469.2973486,109.1399490952863
411,27021428098.47036,2655995752.9087358,finance,238342.6544318014,33124185604.59641,189556798.06567392,177.1436940199558
412,16418912601.378754,1307484480.0508316,finance,199804.34521509212,23708831973.656628,89601619.12055802,258.81737553258006
413,14944941080.894848,1045331275.1629415,finance,97142.46329818523,10014378182.15802,1957910214.0231612,4.994761643084714
414,8855871355.17338,473851779.76597583,finance,111671.8086541503,10662677495.870192,128782993.58943328,83.22312295784444
415,19082337771.496067,1480774770.8751585,finance,1730.1307550079891,33956524632.323467,429296451.8304893,76.73519294936938
416,15315579834.58302,519430955.81606185,finance,338052.8542627953,4262851120.739878,42026241.17182367,100.5470938626114
417,19598007645.038822,800337890.9327586,finance,22682.409067272987,13863175736.954475,1031175447.6352375,13.834025535034169
418,24020656759.167698,1796226673.3494992,finance,209689.95121091403,31971652919.290565,404992073.07189107,78.42591011040533
419,11245653255.93563,321447780.8819445,finance,127073.2578928488,6579911860.982022,190527479.34118336,34.28290720331413
420,23312599405.0423,1492733816.3162413,finance,204492.52976513008,19854039402.0487,4582808276.459207,4.29708264401716
421,21822475610.632885,609505433.8979405,finance,151545.04617743383,12746441295.631971,95786049.65050997,135.29170765972415
422,14090429036.55146,508621253.8019222,finance,10483.76860429453,9494688707.749147,143677054.13150415,64.79549276898365
423,23176854557.795315,476694071.26759213,finance,751121.2013180971,8620780579.783232,57657784.494779475,148.8258757857796
424,16810181401.238655,1165856123.631261,finance,77126.43021164493,18600735500.00366,610038471.7731974,30.635389573850034
425,19980073308.207024,680023614.3392532,finance,,4681491784.352414,33307458.773767855,140.09396553469492
426,14348622333.588268,1398801186.4096076,finance,76896.25241919361,28357077515.118584,1789489122.9309566,15.263500358729269
427,13615004664.332363,1092225968.8061376,finance,180605.3889184916,10201371512.935623,122380480.24566443,83.44568680024939
428,18756012452.7779,11305264.320949363,finance,534624.8460209209,245433166.60772634,3979549.302695173,61.41810879437489
429,25895842638.791954,939415625.6484383,finance,76938.37513677482,14953392331.556376,4018560285.368574,3.711196555344194
430,15123024460.986372,153106408.06317356,finance,594.131840106472,1297989572.622069,24764074.31537395,53.73189500953899
431,16012458303.915487,574883613.3876283,finance,318938.04152651364,6693939955.883568,130773365.88553621,51.911390438838765
432,15022679091.048342,731888093.5568027,finance,202521.69599272206,14035989628.438114,830378596.0648891,16.739401081974254
433,16840963384.724691,89292711.98858336,finance,109937.19421714688,1242359865.5983837,50216659.295302935,24.579073463913865
434,6657029437.015753,372582113.4522227,finance,60327.27111387995,8307551076.115808,67660218.02431859,121.86782544158712
435,30291234107.65541,4159350133.2768455,finance,288523.60001125885,88550714425.06778,469310387.2837669,184.09645566730376
436,14279349795.132498,1279873696.8757572,finance,321169.3955007919,7740758824.047017,89766614.32706179,88.95885620663685
437,28356891330.29599,2502528724.097342,finance,108484.12536407076,35205989522.24356,596216691.3488939,59.60448936012423
438,25651032801.274273,198590771.27086347,finance,330275.77063427406,2352166967.6960216,80660818.69374892,29.177314932087263
439,11477406508.026018,1027148320.1450983,finance,110819.72269289206,14416308395.347916,746034156.931435,18.832169069454636
440,20633394002.0832,1463644892.5133784,finance,208036.96886429377,43600300033.42874,1077557357.2008595,39.773215289177344
441,20516392522.784523,313673547.4911049,finance,350425.00337397313,3202063718.157344,179384357.13250163,17.570455729694615
442,18132128459.247128,809065909.393452,finance,167964.37206277685,9360883929.903013,5611447764.163435,1.716838731242331
443,20503047470.53561,2075184758.4308412,finance,157380.47540914826,37782037921.22322,574961847.336557,64.51660584064435
444,26394332897.191837,1600954054.1176958,finance,374265.6711839877,23877040074.834656,253404176.6430225,94.71740970727376
445,22910740063.82775,1086452895.4736955,finance,553542.1205854461,7583493358.872722,52492905.507101506,150.1277168592088
446,12016417909.799791,405537933.06736934,finance,207173.0869148085,5398924536.138012,79595811.24173802,66.31667003421377
447,20802144798.928444,904388067.8280689,finance,417065.32505201077,17107486226.899935,71709287.91122152,244.04220724117917
448,29315169875.54713,955953755.4258552,finance,150901.16423282068,17425461029.01344,907796284.4969966,19.227481145168532
449,9712187273.732286,90304852.5209824,finance,42163.30242346912,1086157597.0890617,21755614.471278567,49.247222294869196
450,20671540110.344494,285469786.21893466,finance,423387.8044608758,3633868158.1614766,179505783.42517987,19.107767803579158
451,13726970614.5319,664206308.1579581,finance,371807.2800522619,6396988832.628661,133617200.08066012,46.76244187955535
452,26849852014.36757,1851133546.7989225,finance,332223.5119191586,29516098006.428448,245865633.9429125,118.99798008179374
453,25706552217.423656,1023796317.7079176,finance,199018.70653608846,13389717432.541246,204489851.55058438,66.4428283356587
454,26222309167.643826,2533450561.6903214,finance,313353.49021324125,72428631230.68954,435786701.4079177,166.15841406424173
455,29524565394.11372,2243936104.131336,finance,915990.7696524243,12200874410.091995,166312572.08215022,75.4223983993303
456,14769831680.321836,1488555400.4954467,finance,162875.98829945095,15777014419.476866,208829553.83093527,75.44731143714884
457,17462544681.96452,1280656286.2741926,finance,58435.4309207965,26961245744.33851,836200183.7052195,32.66942093061587
458,12352846376.662958,1252817929.4208055,finance,80230.90583025207,14512092239.99236,2431858593.641395,6.115055666442266
459,18525284090.634872,473197187.5216939,finance,33589.8097752028,8093761378.88579,105245832.56878193,76.57809467017552
460,25839918367.17895,693007494.7238988,finance,333124.7437517739,17398218645.060604,10178294555.520683,1.6950301201356976
461,17255326306.42227,1675701690.519834,finance,38408.47557214449,36911551670.57698,318651765.2204374,112.73831231960101
462,12255369257.384174,820066152.9263824,finance,216568.73447441787,8032350598.097945,63464637.93120404,131.2163778629586
463,19766798310.552673,244000477.3263759,finance,463947.3002361228,1914834046.0207388,18146559.16930728,107.53131227758244
464,9256196490.88627,328406501.63072336,finance,20503.013782742262,6561551464.419376,277267742.5584477,23.023379888569
465,12506296791.024057,280753422.4416583,finance,19155.719753163958,5659393359.002354,40372101.49823889,139.68549445603017
466,26611225740.28881,3368243004.577567,finance,625736.6082007687,33545854508.46449,361639259.8862362,92.39451038794267
467,8689153464.07644,299597114.73350066,finance,15558.488290633099,7576397098.011263,111493465.94976091,68.0200169724148
468,15549673331.108782,871920767.6268578,finance,88240.57116342692,13312529397.724771,122116270.73411028,108.25608715398735
469,25275455800.640835,805887533.0983548,finance,372743.69765591266,18837179821.622814,1982061786.2274504,9.432864382545267
470,11342819727.964993,407232297.7125381,finance,80309.35494288227,4622343156.437897,38529056.92620142,117.34472728931043
471,18495834844.523952,1701735204.754408,finance,155522.1622017646,27784970702.749203,323817407.4786969,86.55832299271094
472,14938742943.172396,236143101.15334415,finance,,5064563847.388836,615427743.1051986,8.39153883167544
473,10560740893.389019,478698607.3023287,finance,19759.61260511123,7070767368.046994,74163910.65824088,94.83623164738815
474,21133240513.59522,1422706473.3898947,finance,113828.41400663517,23328338356.892162,326273340.83823425,70.51495867693801
475,27932778807.66632,1390577164.5207663,finance,435653.4517581525,16885921746.951784,147953160.25344622,113.60755011940135
476,29987356267.05856,2217268454.423119,finance,50343.476620020905,26302832984.251076,1336423816.9060063,19.81352469425576
477,23354909022.649647,1630341682.950059,finance,105747.03610978,27266607336.653545,1088381010.0528917,25.049783931420798
478,13819966515.18407,1596316535.141466,finance,245322.04107439306,37140630996.94113,180280061.18844962,199.00113792016865
479,29240037429.6857,178535390.37515444,finance,104985.51282931106,1482533420.425515,41846947.63259514,36.283230953443066
480,22573716493.68329,1280370942.0342488,finance,,15290146621.288986,158909643.07140246,96.08077389953907
481,16078342918.824295,430782454.0147749,finance,167550.96259629738,5037605711.685152,2291302507.2706494,2.1791837667264677
482,26573907971.257603,1254620699.8558936,finance,228287.3317170958,13318084236.925201,60406561.06690239,218.87538992528846
483,16680568677.487453,724727409.4449735,finance,367594.757011691,9215529953.662018,103074538.2004832,89.4181285998837
484,23003135802.315422,878303570.7475255,finance,221620.54752733134,9393278014.311855,264956131.90105155,35.026959758662706
485,11028825385.608257,247904971.62312323,finance,114679.03989013,1672816903.4674797,14803247.693023331,109.88055691022174
486,22068622168.950752,717657428.8177209,finance,166153.40394838617,6050560150.23296,62347415.075154655,97.81107972836931
487,19736393323.90596,1919271302.4709089,finance,142747.61630075317,28355268006.310013,556876256.2270774,49.9691501850411
488,14562933244.731716,223808429.2523816,finance,7649.019063404345,4703909945.854818,213443371.27343655,21.890677196059563
489,18105139426.99626,612350588.4030206,finance,300164.28233011137,7651915182.142678,51501343.78443599,148.36416327483172
490,18735745445.230362,952424262.8393353,finance,276387.6097015541,22806504175.076595,1844460295.8094614,12.33529971535893
491,26240538489.572926,262855278.22334024,finance,218321.71675101874,1570834977.5537252,35905813.52705294,44.42655383480659
492,19582059244.698753,748197780.1048856,finance,85734.90114030811,9572259062.236511,8562603210.8858385,1.1177724936794788
493,23653887289.14905,765554222.4105601,finance,336261.1663909364,20994577139.35634,506271346.83500373,41.43304299150115
494,15301132801.004055,931524811.2519981,finance,128141.40969285344,14276606189.963533,2211056427.8097243,6.26467556381963
495,26125643128.530388,843776402.9534577,finance,202753.87075208937,7703136004.6766815,65463090.83376101,116.17087305451837
496,30224833034.682133,626814674.7802557,finance,,4641996629.360737,200561526.47875476,23.434329671165038
497,11056032128.13894,735078681.2291484,finance,183114.2174510854,19854301687.04673,1107106899.6461215,17.824786182921
498,13147662052.29749,1032455194.8799939,finance,145916.5048497253,18948041437.72319,468096168.26165843,42.330295188721436
499,12227421773.42907,813833613.3955965,finance,6492.151053988844,15398112649.878506,1180718845.3418105,13.13908265550651
500,44865661916.80795,21209121533.455563,automobiles,39878.90423334313,611677779350.2762,5725425539.949332,106.66630054534049
501,50667808924.36321,48150106051.51545,automobiles,68393.7239400727,752517663934.7705,346787938453.0447,2.161809394555804
502,44219138364.42178,22758305667.39794,automobiles,46446.11356483615,325847870886.90314,2973683382.250302,109.96626483299296
503,48180383639.4556,29668525450.33321,automobiles,79339.86193462144,228384878491.88336,7099838369.296683,31.913775328070027
504,52673161059.50232,37592634144.49348,automobiles,,560638325857.2148,2952325135.617668,190.6959301976585
505,44539854357.84461,24541565672.766693,automobiles,10902.640565655205,685306027388.845,29531602881.791363,24.215383992903543
506,48937780678.11548,36624948552.42877,automobiles,11006.65809648882,805036005096.4459,5649920042.308965,142.1861193432811
507,42079789949.04236,41979983549.92462,automobiles,85956.27133947553,388228073172.6982,7006002029.260755,54.75828936672362
508,41750482634.9367,20751959727.42569,automobiles,117958.4782094984,411005600015.1679,10284395054.80753,41.15490008653882
509,49650198351.57399,21747289211.726734,automobiles,,393878787907.54083,1394828362.7800686,281.69631136479813
510,42897805810.32025,23117410587.74496,automobiles,164399.17901541706,590742654433.3068,6938095289.9301605,87.49017580273069
511,46529413840.09767,37282661604.892555,automobiles,131349.399023578,599921175535.977,6685998262.989408,92.08318424480572
512,42349301850.56779,14579282077.599575,automobiles,,297906995721.3069,5192249196.2484045,58.19926109879491
513,46598357736.10738,37113826573.109474,automobiles,15994.691066590289,392120822151.45984,3101527204.2757015,127.39990300714565
514,47138026530.36546,23116430242.39848,automobiles,31823.283968730233,370221299931.058,2615432350.6793613,145.60034748934478
515,44216563217.43587,32878549032.667667,automobiles,161428.29173318858,400056244223.6698,15534436817.87149,25.231903659204544
516,47518267423.22934,37781145141.244026,automobiles,15647.679076839211,593894350872.1123,8121478801.357276,71.73969837115921
517,45753431489.24115,27588200877.64915,automobiles,41515.53394700645,755938813475.5614,128436746202.62689,5.866201726068452
518,45875303000.87223,20284418780.24132,automobiles,28446.926653897084,364996779542.88007,3972018394.947274,92.22103029864049
519,43752891931.19829,18112208893.609417,automobiles,161681.38085833142,190785931014.1339,5031342550.06634,37.14776171393991
520,50893046194.31907,31492902078.125793,automobiles,43049.99819562038,433008350309.2304,602471140121.7839,0.7180917716038843
521,43856887238.70225,29622984935.34821,automobiles,87783.56980400387,547732510985.07245,2355912913.3208404,227.65164356446292
522,45290503831.79324,31129310071.868156,automobiles,113618.95621748034,314156739695.1711,14234251430.286774,21.78943647524429
523,46913373442.70146,30423883910.19423,automobiles,40167.50475317547,215619399685.67606,1691933758.3259382,126.49545649404648
524,46648404720.721886,18299266975.929153,automobiles,193855.99378998572,378561558330.5013,7551048414.274155,49.54847553055228
525,45745266581.82386,31671756389.640316,automobiles,88157.21437083912,177124476362.54337,2442790223.4548645,72.97925612341042
526,41522680095.59163,27959895579.768177,automobiles,4825.43983259477,712565188091.2507,95744674529.53616,7.437947284493318
527,42688242372.2554,27629078034.95181,automobiles,17424.861870968554,292047438861.8336,1422811844.1921668,205.84010044206863
528,48494964165.53038,32369867812.981705,automobiles,214897.52550881548,526266932798.4817,7094160406.1062565,74.21962207249312
529,46051984588.9362,21990964908.2791,automobiles,86090.26712101628,271256043965.31302,2356250717.475772,112.32810840041074
530,44039707825.14272,20024331196.222847,automobiles,105430.80599101148,270384143379.49628,24095121113.791737,11.335502074971647
531,47344676695.1807,15371265210.312096,automobiles,85962.68599822541,164040684233.39026,3094454208.267774,52.870806371212055
532,51362882522.77526,38704397845.49673,automobiles,25354.661326367423,349604732542.39484,2893817325.655675,122.22399406129462
533,47889526798.37342,25255394281.61626,automobiles,144797.79125933305,116797016248.02177,10279118296.988884,11.359033372173647
534,42997667821.26367,12736205802.301573,automobiles,171383.94543709132,213333092125.51056,7078293741.289643,29.25169044320701
535,49258775673.068344,32275749705.298813,automobiles,74699.22066181827,224678067332.27374,4411128948.526236,50.98626572645147
536,43121977218.88553,20706699029.68333,automobiles,101359.52659565707,297215348998.10846,2301674111.9001718,125.64958056686015
537,43131001413.207146,35978976742.10069,automobiles,48677.43446313548,307734331451.49664,2811076732.0481954,110.59816885361252
538,48314757635.72457,31490738998.798004,automobiles,294140.1079725027,643580688058.0914,5202058192.560132,120.17401381059386
539,47494116845.4239,31140524280.264317,automobiles,132224.31160728427,248688474722.3201,1602843080.9760377,156.6793176886994
540,42736259147.06555,31047167993.099216,automobiles,56530.478911891005,310218858004.7324,25424309970.75668,11.984399031851352
541,46754162363.639885,19006524562.977036,automobiles,,222822280479.2972,2096326085.5998769,104.55085882308673
542,44749044375.339836,22433854900.92451,automobiles,33724.14477130195,524181715928.4121,70418257495.96143,7.5889805371988155
543,45510439248.746376,27290458316.38929,automobiles,,360640004358.1125,5628584807.751726,64.14784363805485
544,45672165591.40876,31686331801.213604,automobiles,105692.02234545599,291663272309.6733,1298938736.3795176,221.4617168818272
545,42944090300.36572,33246426246.58265,automobiles,71259.18664851811,754471410398.6569,11232910503.880129,64.59687620909226
546,43541924868.58494,32213264822.05128,automobiles,22495.816381187124,548383386070.7115,10928702936.859596,50.782162229083056
547,43418837025.05176,25057167906.48671,automobiles,185836.7054356975,408534848362.03766,3255316684.5093746,127.34713011456634
548,49453385860.038055,29748314687.76807,automobiles,213121.42850704674,662972331082.7181,115154131221.97003,5.870472027319793
549,43258775392.6744,22453724654.201923,automobiles,107500.92856821156,525952400255.64185,25229106603.74255,20.224213678448404
550,51536772984.951584,43652778271.87093,automobiles,97398.35162038151,688135188943.8828,18678498228.65892,36.551856059249296
551,45612336861.85021,34023931723.40838,automobiles,41923.85614345179,376169930679.4635,7341996103.724246,51.34326443056574
552,45832113855.035385,22705605854.745552,automobiles,181230.55012441362,335137897350.76776,4354597038.282653,76.8669712917323
553,49711541960.56745,29872655033.038025,automobiles,,330718848732.18915,20844865812.902023,16.221086093702592
554,48130448692.69238,16137355717.294426,automobiles,55117.07844044665,293626195450.81104,8086025959.803675,36.456843703522125
555,51470293024.548775,36252030742.95022,automobiles,124983.49263233738,463996237817.85767,392406160056.7087,1.187557373380842
556,45158594637.86877,42796744365.20949,automobiles,71559.65619103024,557110593187.84,4531030596.296745,126.64829310906042
557,46682751353.45763,35607570357.94987,automobiles,245041.3657572283,679282707144.3317,16204174916.015234,42.66226609274237
558,42124140161.0634,26372953160.033142,automobiles,99617.18388488113,160153945664.48676,16665241634.929277,9.812901704910812
559,43347220039.83416,33792274930.85556,automobiles,195568.7881052343,205221398133.15225,110766248231.25693,1.8680473680760805
560,49861258206.96958,33911364439.421593,automobiles,,414563103135.5209,49080259595.43846,8.382275461501889
561,49432178369.00629,42972584722.004486,automobiles,129523.21488070584,1234672016410.489,10096572244.188986,121.20790621732188
562,41730298286.33972,34598389629.829475,automobiles,31793.411878165818,487986783845.2401,2575367238.032324,192.62222044107463
563,43843729278.51397,28595054511.12993,automobiles,73134.60033592628,612933120137.2246,13906312793.720503,43.344928859309114
564,46794717164.78179,27562642593.170288,automobiles,55839.37347151232,584478113750.8378,2600866582.2850294,219.2645127106246
565,46277228823.61567,27900650619.24004,automobiles,76658.54171823445,284719643433.4398,3668227521.286998,79.184877733361
566,47992834780.24322,25368303119.165825,automobiles,38540.273013901926,455708349290.281,6183598360.06565,76.331136817665
567,46428216723.062775,27229894661.014256,automobiles,163196.00197905593,461120640414.009,5003046712.027017,90.08656607716223
568,42666587449.4962,27438447370.75151,automobiles,178436.98074222385,295021139089.14,4162972245.2069993,73.87490251113434
569,45103930884.538635,33141100700.31806,automobiles,162441.81522677955,357083591486.9501,67209405236.80355,5.336319216788445
570,46116871098.15393,29584003183.115067,automobiles,143153.83917622548,700290387581.843,25682624520.974308,27.06250484313996
571,49435598145.493484,24166745463.66091,automobiles,81986.7261631671,397352594289.03143,4550416893.393116,88.8671189087074
572,50567732771.92152,38808775356.5296,automobiles,171603.21268667336,673201284089.0164,3844837165.10395,175.21096600562404
573,42563202665.95227,19940227880.761852,automobiles,55320.5471237315,515196812507.1774,24461758858.063644,21.565790022405217
574,45981629215.791336,36862447356.64627,automobiles,148109.87495371368,721216363843.9161,13059852157.359734,56.3589556097852
575,46992174614.045975,37599098056.74911,automobiles,101356.28366983432,528010497030.9744,3075082325.563164,171.91974944706408
576,45504805973.87649,19758694557.90613,automobiles,109589.4320993781,473158127771.09204,3284366956.729777,144.4868335121983
577,46248425601.39301,41354381101.301025,automobiles,99993.92445722062,733603118014.4708,4073515028.90309,178.70723672851938
578,44115736682.83865,34415409435.483536,automobiles,261366.03778346864,411820467623.5342,4321633915.228244,98.3586968276884
579,48389452423.28379,38766952364.07704,automobiles,80615.89720368777,1027967975893.3518,57638219798.33932,18.63376998479987
580,44605538227.14202,23699614586.285404,automobiles,18463.643757302925,530146370673.78253,19156834656.675697,28.559535992774443
581,47344770536.798454,25799219779.139927,automobiles,254695.96859316187,615430835180.0524,3118181045.218571,191.52111502615813
582,46108788180.76995,35238424962.93885,automobiles,12023.112147005257,340763589065.9144,10878343825.938284,31.19488710318569
583,43762329760.41828,30374663435.323467,automobiles,109699.603546307,460662286155.88556,3035622561.4026046,150.74172635046475
584,52337855972.39096,37885281389.84213,automobiles,28192.76113494954,317883709862.00867,2238347762.938277,140.91640204129396
585,46997401343.31841,26470643171.92119,automobiles,19954.29451538723,352828469147.6992,3221461063.7492146,110.69128438556817
586,43723996908.79616,19051042098.556557,automobiles,112510.32437771166,335880918186.3762,1607045431.1376464,210.8866787391389
587,45407308916.84731,8446162243.155962,automobiles,32204.586198718043,165417904893.60898,1687499147.470436,97.91619888884993
588,47258504803.29319,36300893491.68781,automobiles,36613.71468890793,426974169219.52563,18832814108.70106,22.95549111472588
589,53988443483.88726,38016866760.20465,automobiles,3899.8656005370945,707102755220.7506,8581499019.289365,82.4088218594159
590,49924142574.6013,17299328609.6657,automobiles,146141.84752812434,247248380367.60242,11784561204.88286,21.056459069449534
591,43636443189.48834,31402553740.430794,automobiles,32358.098512723227,647968090596.0748,5157099599.8033695,126.92815532415139
592,41435335187.46017,33795141734.906075,automobiles,71516.0659653585,518039197478.40155,2033898843.7583182,255.9836160896974
593,49780312025.35373,42154527996.8091,automobiles,83675.02176272518,474062784374.1517,7452993983.72309,63.109004660386645
594,45657263261.919365,30304649504.19246,automobiles,123310.60887792523,539683151337.47424,39899246120.00008,13.583442432477762
595,50466353761.17004,35068145540.73059,automobiles,7498.0833518404825,637589975677.5312,30258967726.522144,20.983729523685025
596,47082398410.394264,24437358358.36185,automobiles,,346167862619.6816,8634859628.156414,41.32244214365198
597,44766857091.46114,27122499178.013794,automobiles,108265.54135908444,231085289597.122,2760552134.942253,84.295044333054
598,44883198690.85982,35546084361.49903,automobiles,13172.98894004524,776531447732.6467,7689024599.595771,101.15980295225333
599,48029235270.672226,25368379022.808945,automobiles,89523.42180586161,358951413040.8616,5332073347.415414,68.3456089837382
600,46210793323.11634,46489308354.769714,automobiles,77362.65780321987,416490000156.3645,1533690260.83813,270.7246746435193
601,44846562933.167366,22517282672.58803,automobiles,68224.93403300882,411133318357.3116,10864110460.765173,38.65956877594168
602,43092123697.54455,32777117563.344563,automobiles,12158.964056145916,240963793354.84125,4410014210.856337,55.55512499831094
603,49243447272.60323,35830608947.03992,automobiles,159298.95957960427,386408992571.44617,5471887026.369739,70.55295006538984
604,44739182483.33138,32006932539.72688,automobiles,118561.59001941269,365388787232.6931,7234925208.602193,50.618773785698345
605,44228769424.68585,28246988446.003223,automobiles,65968.75869515774,627696705988.3735,192025480479.1054,3.275815510549251
606,45612148128.990746,22125991430.90839,automobiles,294601.929003289,349785178627.7612,2154902733.6356387,161.89396936076068
607,45802582495.12892,35683806946.87678,automobiles,242885.73230020088,381845177236.27765,5111416196.886485,72.69951180157612
608,49058864309.33309,28376436157.1157,automobiles,127158.5275598135,223768376368.81235,7211569415.931036,30.7242054424626
609,45628126348.944626,35801782688.7048,automobiles,203835.258641442,530412216056.4607,2403397960.5036182,221.83118840973603
610,47797880795.470535,22984357209.009296,automobiles,65774.59805532366,323910002193.8896,2765010325.1409354,116.88837497485726
611,50967910644.31405,40675315630.90874,automobiles,27822.06988599353,812974914497.7836,46658023163.801,17.123927485125794
612,42061053667.36323,28286866212.78329,automobiles,121805.16252430428,308054344962.16876,1362320723.148955,221.32525523597124
613,50240280114.35817,44446782989.44136,automobiles,3039.7145139665076,1100012369745.0715,4784128152.338914,239.01983086301786
614,42697478475.7599,37927013305.31991,automobiles,77148.14606467137,893608576145.8604,212323874454.4287,4.295539261582494
615,45357475847.017654,28463248697.008644,automobiles,130280.09764085157,630872089590.8033,3900206701.236119,160.2722808572711
616,51416370628.80462,32214714901.319984,automobiles,59051.12980768285,297383719241.24164,7372357550.350632,40.73830206257875
617,51451264856.71543,34742780243.13631,automobiles,10870.09004337785,333824084721.0166,17768997853.92394,19.536509650256075
618,43370334810.190575,25224582483.77022,automobiles,191009.0422403504,552570012982.6062,4471673220.455444,126.55827992140895
619,48221902056.807785,26752318445.922455,automobiles,112934.30950389798,378325603915.35583,34316068017.91913,11.263573094587693
620,45345821971.129715,18865577177.07499,automobiles,86493.11821900352,521263392763.542,10099404701.181486,50.932139695568424
621,45826856223.06155,28818223605.437366,automobiles,118470.45559785978,219045713417.89603,10444269553.186008,21.397584507693335
622,49439786813.741005,26556596616.598034,automobiles,116112.30967780837,502112554336.3972,6915970337.688174,74.82326758480174
623,47610440031.37403,24369407134.656513,automobiles,71533.9383537426,315181814569.5437,3492929119.278898,89.4125852223529
624,51175972598.10334,41254182357.40393,automobiles,75112.01753762897,946383649999.8129,8613744021.433681,107.92496300624042
625,49033587005.04569,28301226864.55998,automobiles,377785.4624469461,300462202566.84705,1461791557.052408,201.7437912301759
626,47488986933.478714,29100594224.024555,automobiles,48571.5334210981,405070389515.27,2882382950.296862,140.27274267756775
627,45592802651.69222,22942039230.97583,automobiles,,238722954372.98914,3499169391.2784133,68.04411650972943
628,49772001883.919754,30708292294.637466,automobiles,143775.42455739575,418567995643.86096,35243700411.44057,11.644435603194848
629,46900087970.1518,35626851578.4403,automobiles,26441.00277153193,655176885426.0143,8653223183.51569,75.51460886343992
630,43845298746.53086,32900803478.04609,automobiles,73351.16299573806,487773535302.7768,5959482016.262924,80.5969385975717
631,43200880150.2301,26035178824.444374,automobiles,162160.00313903243,501216949462.03906,4520782538.649755,110.7691181433597
632,44641222112.9924,32962064539.96454,automobiles,38289.76244583111,629092777902.0829,36254115895.35974,17.046857433175596
633,56859010968.92826,44710804844.10251,automobiles,131077.39906656704,669269706665.2234,5869711556.768345,119.96904993007516
634,48362990491.75064,34370281034.71202,automobiles,28653.28573563781,690836025989.7272,23340326022.811653,30.25053131108031
635,41419001956.98305,20209536366.432217,automobiles,134266.21558268726,234430471227.48874,4992634932.864077,46.96656310395226
636,49033278897.981346,19835963022.558315,automobiles,4614.122271659657,351476328602.4981,3037621927.8432045,117.4219433425579
637,52416158929.86883,23939921377.008526,automobiles,57358.82112881028,464601032677.9721,3744513447.7359433,127.44998678116292
638,48513427349.32487,23637451201.0717,automobiles,43210.94247140261,228267620805.98557,6732848353.833592,33.941472274145276
639,46305328007.7711,34245347747.10374,automobiles,107356.4888093885,273961874425.51474,49067781004.220276,5.579413832949575
640,42751636141.63855,30253188302.13122,automobiles,77069.78317204375,607900976512.1753,5416786431.816856,115.89394709764868
641,44848492102.51079,35699935697.4882,automobiles,153022.76550907825,560247215381.9252,3096539120.091824,184.68788817551078
642,48128597930.393845,38135955310.29985,automobiles,29141.514286266785,550909587586.3658,4404720786.922329,125.29918256839576
643,47451063927.75364,41243012772.10305,automobiles,66892.95324735645,563078500970.7183,4866442299.855562,113.59239785567209
644,46661004355.75682,25937142737.526077,automobiles,37223.274516455625,622152049890.075,8890541507.009666,68.54337740711837
645,51218765059.08638,27839146214.33,automobiles,138092.00395186976,311969923380.903,1544469543.7811458,204.86764564027968
646,48671607964.808846,30782339610.43746,automobiles,71255.3589847928,777551620570.227,16777129159.144636,46.054306891340914
647,48985808345.080605,22572371942.162704,automobiles,191796.96949473763,501103674004.16113,162574887012.6988,3.117882417094932
648,50914316312.55053,32449314449.377964,automobiles,214498.25832211872,854718734428.5059,3458782348.5713015,255.5258426283129
649,51188025095.94503,27059943090.941517,automobiles,140766.9247226387,268383383651.10352,3940444672.956412,69.90424484879509
650,45939919140.076614,33483737089.843487,automobiles,10442.930460513307,496114841878.60223,5808947167.461515,85.42761364648209
651,47672580740.0671,28134774029.191193,automobiles,205900.9928965469,337997352626.8186,2587256652.062257,129.51876826971375
652,46411737692.17877,34330247300.49415,automobiles,2719.2280956167974,732514742912.5322,1117555194250.9316,0.663984885613043
653,51203941047.64298,31703817163.599087,automobiles,153595.53724093066,476855484192.8488,2342590480.0398726,204.89491669686439
654,48028228021.740005,24658310386.740578,automobiles,49193.950606205646,452167250187.8023,90652727938.81993,5.068666332023652
655,49269625384.92771,28152661663.85284,automobiles,86070.130063789,447448266754.5107,191440920981.13052,2.3174072338253526
656,49463421199.95935,26403510747.00156,automobiles,42264.879376178345,376992990602.90967,13253027670.078733,28.518834616331993
657,49289841529.074104,27546833709.814754,automobiles,193419.8863012907,348867280995.6588,5806294300.565148,59.91345967377866
658,49724562075.20085,22726619836.791,automobiles,71033.71887624695,434416252587.01263,6602459687.586155,65.52147705708289
659,51000626276.56975,46661729581.24866,automobiles,39873.00077016518,425715835711.3697,3955734826.42088,108.24249311919235
660,44177253399.602974,28288913367.953922,automobiles,197978.0810499497,433485399048.3688,2737185421.8154564,160.24627491631813
661,47241733517.51436,30194568333.321877,automobiles,31102.16148065702,531366869976.2398,8028870613.117763,66.39334590886824
662,50235565293.42687,36511845730.37369,automobiles,57275.56807994241,342374959027.42725,5368915496.046238,62.72013953468252
663,41314619579.82154,13486572566.335987,automobiles,161170.83671851584,354631403236.3586,5071355314.881335,70.28587968411539
664,42668804056.14032,30269624753.781803,automobiles,2958.2682501779022,637416848444.3795,7561271936.394108,85.37478836131638
665,48127032499.791695,30169169777.863914,automobiles,131818.82017938414,320611682965.77936,18222695098.237553,17.693447963656997
666,49934975636.40166,42560029469.89866,automobiles,59955.504703139595,612747086545.2635,3979099210.549591,150.78297484404575
667,50251463861.56886,31279994070.192238,automobiles,124930.7242803345,603550547756.2919,11888061433.409857,51.76712090027037
668,46274573171.38233,18091445790.910213,automobiles,46711.72067160598,159073230957.11804,2669445432.313463,61.492031842810405
669,47756945428.03473,29659511724.07365,automobiles,78706.41013045228,581044474211.9358,11304476967.383448,52.42488442348585
670,46960825216.41353,33790482037.00234,automobiles,,468765482681.032,7056261034.988694,66.78730616301102
671,43173975173.68216,34557211127.18783,automobiles,7795.6696014295285,378662350402.0193,11794944182.654308,32.74854901687558
672,49660610423.92697,30909675808.266113,automobiles,173042.4305165035,425674292120.01636,2713903046.353883,155.36630886526035
673,47175119858.74278,30219478398.452057,automobiles,63280.51872815026,585906833500.069,4823775307.251092,121.65121009605845
674,45014151755.14873,24289997890.525093,automobiles,104700.25647658689,311793148895.92615,4543562069.683636,68.46886953121874
675,47423199604.596344,36110647936.69336,automobiles,152135.25744998298,609451385685.2501,3852265806.874893,156.66670660098544
676,43265002103.97953,19766783323.377033,automobiles,17978.762518041254,394408410466.4127,27416861197.342937,14.431409059818181
677,49810914745.43226,41474805051.09354,automobiles,20062.962754558775,571673346318.9954,7809992248.573533,71.15076279304462
678,44739192819.86172,26439493316.411972,automobiles,6855.998084290661,256765887161.07294,22147361837.4286,11.364028991133221
679,46713437746.89058,45077271024.29631,automobiles,47959.06084936189,767488241070.9955,113115844499.51575,6.6421182752118435
680,45137914194.3657,27839386123.75745,automobiles,91153.13704807508,449870114680.52496,15510673804.845438,28.2909551787454
681,48512953226.03909,23406350653.227505,automobiles,43725.600618435215,310942390141.96643,2811941138.387667,110.09279615647036
682,42760449963.20844,25697282796.2781,automobiles,116046.13232083459,213244307452.44055,3005277009.4173183,71.40853939641835
683,49626853234.672295,19626624890.20463,automobiles,85801.2240672277,277791678544.19165,11104906115.792631,24.9682431721346
684,48529562455.396095,31680535165.731575,automobiles,83788.01657613355,352865275882.9442,2026645643.941525,176.29358500683935
685,43837054256.84944,29975254325.87577,automobiles,81946.17414492459,402113020094.87915,151435968420.66733,2.593837383393852
686,46414492874.508125,31603597000.324406,automobiles,127786.76988826992,734195960413.0217,4712218204.851487,156.7409103002277
687,41474761678.78317,22580021726.031845,automobiles,52860.69510883753,241820172453.45932,7342067498.968706,32.923561263972665
688,47720211060.355316,26591779057.040447,automobiles,127920.39297543498,362428692835.3547,8902816087.056406,40.43889743032082
689,43704275085.155624,32101459415.7552,automobiles,89622.92780376761,374645700124.6108,4123079222.638758,89.34408790630911
690,43240263819.14936,23951893035.48847,automobiles,19058.168397161724,393034502645.8221,3709299106.286039,106.10554190763028
691,50701403462.22442,32451776436.73098,automobiles,125887.7117352472,472549335412.5601,158193098024.49973,3.0068868788059566
692,44023484798.57903,28972632390.940704,automobiles,147242.99713903258,347221937367.28406,12014798458.647547,28.820621610872248
693,50554514219.312584,38223524693.47923,automobiles,205541.98415703254,345142274617.39825,4735532273.383944,74.73912023908306
694,46078689614.103905,23606700647.370422,automobiles,17484.461217980486,635883111117.9646,24074402847.34701,26.153359821576046
695,48543908609.440025,34431166882.27095,automobiles,,527267321573.05493,6905021525.98534,77.37066640621616
696,42196926925.80586,37835254450.41098,automobiles,9677.745041813158,270714389974.7228,1893125734.885185,144.89409634597064
697,44235537941.80279,18590076165.0953,automobiles,154502.10622764984,342532650556.01746,4914766016.698572,67.79805845355023
698,51366915649.25377,24637640098.558743,automobiles,57631.16625473513,194342468549.163,6460206382.266363,28.886844639044394
699,45891535280.87148,23852664635.941372,automobiles,25568.206124380704,318520069657.52716,81771247079.89355,3.856051885489495
700,48154742405.03054,23362988186.61099,automobiles,150402.82973377817,291083466530.3546,5041611759.234635,58.04571676344859
701,48008131576.33696,26535506283.748608,automobiles,127031.56320925703,215931805054.94754,7276403525.5139065,30.09111968657248
702,44358803693.427826,32958913456.443558,automobiles,84105.3823906899,592901295890.7288,380742109448.30756,1.4871635097813143
703,48927863369.652725,34176089394.25188,automobiles,73768.04569597852,456521499131.40204,2458066432.807544,181.0687003947231
704,44332624418.18294,31929631348.088455,automobiles,,550350843313.4713,22188687104.510082,25.153151286863764
705,45556714358.146225,37362825731.38004,automobiles,52442.68257926915,688615581970.6823,9834521089.703491,68.19084999105998
706,46049104061.83258,31156497988.55777,automobiles,84452.32272540634,421407786700.9684,3710089844.6292076,117.1226854209338
707,46107811103.86498,27914515225.703857,automobiles,111613.08183375964,540498952455.16583,2022021411.5633454,265.3071033680444
708,46046740355.55457,34042449418.69186,automobiles,63329.51917161671,338579488271.7116,2171937840.4810333,152.14441903478803
709,41360761181.821,10275565709.710142,automobiles,87035.4872316681,133374682930.12749,992085097.6301959,133.54746514376654
710,53359736603.38311,42698567218.021385,automobiles,,351442378656.4215,6625548439.316018,51.50686464631837
711,46325459110.65549,28316691992.253654,automobiles,38454.73916922244,442451966396.3922,6831648309.191146,64.57391844406166
712,50293327660.309685,28553809951.90702,automobiles,132100.03957889255,362341329290.9488,18000716956.493095,20.16023162899308
713,44166362593.85367,30715006130.159515,automobiles,81129.05754670285,346481627473.7925,3609520812.1592956,96.85367604506773
714,41377477269.79745,23634816182.795334,automobiles,51964.91466586146,449720360167.0658,3813163826.828953,122.29707841077641
715,45742663256.64529,21117265838.211967,automobiles,29777.439776686104,535426335615.79504,3473153065.788703,155.58153562995284
716,47695575864.24289,21086827868.14784,automobiles,81219.565862543,133724734063.87358,2817951168.868061,47.56867805258642
717,42417122492.33404,35613601259.37537,automobiles,8972.865127722624,875833374933.4855,6255684144.892555,138.01805945728748
718,49808951637.37976,31345061749.24965,automobiles,157253.9325040857,358651238040.8954,2360384167.930359,155.74132902363368
719,46553693392.00911,36971658752.09292,automobiles,6285.9793476722025,819018414431.7566,39873949137.489456,20.454490199154186
720,42663512943.62621,24851489228.006435,automobiles,129387.92089832966,300900447568.66327,5827096395.283458,51.07576330502748
721,49845796031.62543,32439799095.80299,automobiles,225892.9068282463,593974558696.8408,6640552809.131939,88.87070428098463
722,48596664532.331024,51940933872.10708,automobiles,135677.67912015042,762246432022.5094,10462483940.773186,71.34694751523905
723,43701587535.51994,31365623812.43913,automobiles,58875.598445865355,498984852615.0517,36375933359.887276,13.955226915073117
724,42339559783.03066,23877967058.93957,automobiles,75181.00232154333,324741004966.6282,3363952853.840373,95.93627859279238
725,42767679721.25372,31863504210.87252,automobiles,157518.85026845802,600620573329.4712,5780144038.974301,105.1903714850445
726,45653345370.52168,39434062129.74785,automobiles,38049.90635035344,826603308613.446,10181416136.259132,81.8990572223339
727,46522819983.42135,32616646539.133465,automobiles,118281.69974520491,726229476448.2747,76475822734.56898,9.484441686184491
728,41919959264.00161,32563636725.45856,automobiles,49375.78513439044,482856149076.62604,9560552738.879885,51.931472550676794
729,45681647331.68081,17414179246.648304,automobiles,,275395877524.57837,5261133539.367635,54.35555920768799
730,44729712616.59113,31538262382.459045,automobiles,114207.42563854267,658543991652.2566,20289100374.40438,32.38410729174723
731,44229555245.33577,27347179463.28031,automobiles,30746.941238220385,365393353496.2455,6993712240.410576,51.511515064859935
732,49856695043.003624,15787140215.066456,automobiles,60033.92927466338,344245846029.32654,3590419195.439806,94.75201672391681
733,43417234901.21971,30274625908.867645,automobiles,195650.2737061631,412508277511.6922,4425623891.007095,92.64196445763895
734,46077646912.713,28090758081.359512,automobiles,,300792941837.291,4563496273.974567,65.11123026565068
735,49058379178.617905,43622857142.07047,automobiles,176624.5553034683,516693042216.1962,2217612175.8741755,235.6730027502657
736,45875769336.964264,33935238812.89823,automobiles,178545.26121733495,524279116035.0197,11982759973.54234,42.901569011265536
737,47844785404.59984,36088423254.85186,automobiles,136222.08633234134,465214218952.6511,5186167375.858957,89.75690319994864
738,44349001152.90029,33086115445.150005,automobiles,48492.32793140288,412320467121.4083,4525737016.950946,89.2711637220583
739,49352082390.59342,25191820328.322544,automobiles,131818.30603070435,526950311256.5491,4058015027.267061,130.3965940207497
740,49086015642.47821,35886076320.20303,automobiles,35806.51808675097,858984409841.4543,39208471353.33371,22.922499875566714
741,43377985629.376915,27267196018.9054,automobiles,82829.18650339355,246833253354.24893,983388978.5863491,259.39348285387246
742,50573567023.60862,31958607328.105503,automobiles,138703.1017311427,412266469814.3236,35072471523.18654,11.478405261650938
743,49199928877.19685,22326872535.736164,automobiles,199898.2790675328,214972183050.00024,981932600.5242605,220.42169208880063
744,42310089029.80807,28282040707.33834,automobiles,175241.26647457277,585400500869.5245,12184129077.569502,48.10196002204747
745,43672330792.47398,27707937567.65147,automobiles,25275.18900790658,552710407241.8711,26634209679.891426,21.238552342268896
746,54393638035.01022,30028249719.275135,automobiles,126636.47147626254,234498683895.60107,1828919054.2370317,127.06502018847705
747,50892517372.694695,34394960357.81864,automobiles,160595.85031942106,831958983678.1791,19133416432.581684,44.512984473952585
748,44112720802.256294,25967330349.60884,automobiles,16250.39526095711,235554308118.5621,2298825041.2062964,102.31382539948208
749,43192704467.27215,24674983749.586834,automobiles,23151.68140305636,490386979102.7798,91911395244.4739,5.288166504930952
