,revenues,ebit,employees,market_cap,outstanding_shares,stock_price,industry
0,98946612535.10822,33687912805.525726,39161.28457509505,861016593815.1229,8920990424.347172,98.094204636325,technology
1,89894234225.87163,54211959014.34602,39443.22106526903,1169810596542.9072,18179619660.56375,64.92508098634804,technology
2,87835729987.72533,42236904582.92787,86764.93605958573,773773808822.4977,6672159502.358902,120.55832643267772,technology
3,79035554151.57446,29215411805.72972,157253.9411911922,662423336481.2314,4560541299.250362,148.06037784747969,technology
4,75312164956.06969,33333251691.186367,85562.80029466184,635253094880.0964,12537707581.862356,50.60317466209972,technology
5,78046628176.57715,42679393052.619095,1386.769715067048,863757701009.2933,4880179704.322464,181.5166026818061,technology
6,69313766136.92058,31321335261.09384,34709.25317878141,534050607587.4038,6516228483.162616,82.51739193114237,technology
7,83121910010.34218,26938367614.362083,103786.09293616492,386039833252.8652,3772607498.771831,104.77403329674368,technology
8,73667752465.56264,29807242042.68888,44731.84548406371,444566772618.7886,7659454201.503165,56.93282211013272,technology
9,63034943519.11633,40847789314.8718,103998.10474504562,647633599811.0259,9873523137.530294,64.86107511970708,technology
10,91573867537.77489,37725991918.31425,38488.06919796277,424039860229.0496,15053417875.51233,28.534771386199004,technology
11,92673436802.13828,51767352914.13872,36145.28328159341,941371897882.7028,7909533562.214087,116.03198468954676,technology
12,71907828562.48845,35995734617.35765,102751.0987488359,829577390876.803,3963030248.300979,203.1837205362104,technology
13,97523692468.3718,32815690919.83993,30876.571408232743,708852526209.8301,70605747033.89998,10.056310329692616,technology
14,79359803418.89008,26381631454.768703,139057.0109339239,151097394068.96744,874996916.3999435,173.70903828605572,technology
15,101508054009.89725,48189333485.8972,143400.4921622339,388059752254.2259,2363944447.106004,166.85710382445853,technology
16,98162092596.74136,38411258115.58421,218905.01497980632,764882481721.8362,6341261155.082974,119.7998675583131,technology
17,82331970731.7774,58035687566.37749,154411.61586421874,532630040606.55286,7323482678.314263,72.2605694304429,technology
18,90729749450.84474,38777516851.97236,83426.2327770573,259881572732.63663,16401577680.342188,15.510129828612822,technology
19,67668265472.07733,32803811639.64221,17292.316794419756,153839021390.09436,1250455825.9339442,121.61432475384214,technology
20,94137177404.0968,47189309231.16219,74055.8116543561,405036013317.5086,4496558346.256743,87.79848809854312,technology
21,68052023512.75578,38693478604.33794,76315.26536729421,785148685061.9417,105135545132.83524,7.594431003803734,technology
22,89188325011.41862,35259701811.66761,15753.149461705889,348039770560.8328,9158597898.173714,37.88749371503017,technology
23,67554300235.189255,31849294453.29541,119497.96759651417,303578312482.4237,4432024708.662948,67.35619672618155,technology
24,80091648601.17728,32476643638.068542,75128.39735229609,738260608788.7928,414473573855.8601,1.809536605134536,technology
25,96655180375.77058,42373569112.62078,127853.41610083966,915247436587.2484,10428248626.491528,86.32349082855703,technology
26,60866123281.812,33156207067.13177,43586.86995642523,506169120998.3721,3624190065.094593,133.9821756605835,technology
27,61623640146.28608,21253852098.621063,28175.54073964364,174767381695.54745,12759137176.677174,13.963200306313109,technology
28,83793882851.24686,28991685005.733604,9999.786273243311,274242916687.29025,2264119031.6791506,123.82801748031513,technology
29,71099388852.33757,29339975965.25788,2724.5693115423514,574251362877.9425,7356316696.11076,75.36657031631364,technology
30,91127028634.25778,38685004195.038376,53265.76370713602,503910277746.7548,14060830224.200409,36.26129224407404,technology
31,78327184318.18916,38756728563.83234,253069.5306428224,639981382613.1709,9190701295.967264,68.93230889482035,technology
32,87956941623.69548,46079737515.28347,23456.92896190396,915386143317.485,17278640836.49192,53.321570766429375,technology
33,64012360007.34432,22292452183.16148,107083.59717330337,600125575506.6172,36202286088.71519,16.70654492982929,technology
34,92922066595.10872,53190499875.98869,110423.16319577872,793747637883.0305,4546074520.408021,173.70733082185615,technology
35,96613883425.05226,28981796366.825577,103898.8212731578,348318117730.06604,73896078661.73195,4.769291241459063,technology
36,94134481123.39153,41273376080.79656,62300.41263104025,504687203933.10095,7889354647.949455,63.75898238482231,technology
37,75005751717.58755,29964406617.3564,92064.49969677965,412861396917.7654,47841526612.59327,8.727813870008777,technology
38,97989917045.54376,42691574175.68778,79072.72984451438,767862653567.7118,7600356103.949432,100.09076644372064,technology
39,89604248408.53564,30779749041.45132,208022.2108698236,301766258537.1858,3285242354.7370167,91.46453668177782,technology
40,86950658548.77135,34446398917.97333,86446.84899751774,264017027384.13467,2991786652.1182547,85.56032443318234,technology
41,98558100855.57838,43426781074.20473,89462.53326777607,443623774424.7727,3930150592.906812,116.25880603370254,technology
42,81847751912.19148,42374614183.913216,121711.24170565206,1023717074799.0292,21074975011.186337,49.13109094648109,technology
43,100809456169.75302,43349133733.53692,130595.40827544554,975688153350.5771,65340617950.496666,15.03228798041785,technology
44,93965910481.58427,37006212214.08311,48361.04581941829,548595471366.2767,8257573272.099226,65.61411735399318,technology
45,76636500591.31194,24569373053.1264,72162.93913584041,653132313289.8733,26919519123.223614,24.42930872138595,technology
46,87195484932.93114,33658949410.38153,92259.73495099536,385673453603.7039,10083602823.595156,39.03558250253244,technology
47,84419570371.4609,41867685757.42727,124392.26626584434,975672211508.9668,38791557541.00482,24.38059178526256,technology
48,80493675358.95851,30042450883.456387,177867.16541059842,292834133656.2192,8136315669.732349,35.825576003184125,technology
49,89304343009.26794,47751937600.19989,53615.49031901423,595701031779.5638,27343131375.95682,22.5120756368654,technology
50,95389383190.83669,41053568229.13086,24557.216929269693,438487080863.06586,12704883992.999044,33.32270550111882,technology
51,74479158973.68394,38474594351.70962,161155.83932924463,631659987888.5073,3940859973.2406793,164.57313612273612,technology
52,71289927181.49051,43878463479.6552,113281.70062138762,662527906843.488,122958866825.3052,5.442852578241241,technology
53,65064522286.3552,18373194375.260098,50763.81428310576,459359685157.8447,30917476426.697155,14.835023479276993,technology
54,82761496339.85733,43160968146.04485,90819.51982192208,444088615214.4557,19438695384.72283,22.94020302134243,technology
55,96466560938.76376,46027069634.883,805.2985250907317,394094960163.2059,880104556922.8704,0.4333042898354818,technology
56,64164075301.92291,17525488830.536335,83916.40066328876,398813369617.8578,2660009073.2410607,151.01669815583705,technology
57,65726326296.98616,27256278852.53957,124531.86313130184,458909555388.2117,5090922253.370336,91.11767166680067,technology
58,88571417723.74895,42166770588.63774,36451.05507040382,786131570069.8899,284979631590.09827,2.718811461436649,technology
59,80307733022.75131,35505503423.25387,24675.20803606099,754972452989.6926,11425655994.34799,67.77446147113288,technology
60,84108124806.54596,44939065119.07099,23411.276650626714,1003678821578.1172,48509936027.08492,21.278347373150552,technology
61,96437727542.11864,42175976073.35728,23028.647969846446,491463507307.695,6155134431.09628,81.60497857948607,technology
62,70956819753.61281,26125168354.51084,138209.42642419157,231168138351.8768,7668195107.845866,30.355691485506075,technology
63,99088853249.71506,33211481153.29512,128972.38471108644,435918963324.0668,79411318436.0222,5.484596696941127,technology
64,98146870265.96828,46489651379.67889,6205.7087313631455,729343313691.494,135452605782.67313,5.397494668387014,technology
65,71199197344.6088,30157211308.457123,90032.7070930439,510571405075.8893,4415634787.587532,116.15939211024416,technology
66,68280590468.7842,26300208279.520603,112239.87884236687,683893894124.569,8149981118.051575,82.43886198952593,technology
67,98810749820.52728,52685682067.92906,38226.1550124154,636549647549.2487,245221126759.5908,2.618541325671967,technology
68,67909901055.62634,18444346531.338284,90961.93973548684,267561112311.62897,5572411970.389843,46.93206298132825,technology
69,83126395343.86644,39887292633.19126,106382.92018598173,388177686074.6107,7444504570.937892,51.521470533437416,technology
70,70508780843.11693,20395553708.06224,65864.44562961638,462774441419.6017,5835983417.758144,81.15325500642706,technology
71,69369013970.30582,18231893113.92689,38900.9421424862,144939563035.52222,1355591741.5480242,109.84168562587575,technology
72,89961058001.08673,35705390124.531456,116428.64467042954,337309409069.6024,3704620413.780952,89.56298297652862,
73,80330821869.96475,35047697185.57466,106560.94504522381,510563469437.7684,1756564689.8764272,296.3343669380967,technology
74,89262263103.55501,67696163905.84658,91225.48573835558,818536068171.4828,68027348730.57786,11.887971824491528,technology
75,66033015038.97032,28011688139.624542,81498.33740499079,308521415780.8459,1585998093.5617335,197.13960131589323,technology
76,101727771125.50194,41535091384.74499,116264.76841716106,1060635540941.8136,53431011933.02688,19.573245680904297,technology
77,79836582117.14354,44200301111.78867,111100.91301968318,934650438168.3834,9864976526.157175,92.37399937784748,technology
78,76007532604.18777,41040049234.219925,12392.058771782042,413707837581.26416,16335860731.8632,25.295601398673654,technology
79,79848436880.06918,42938724887.41718,73139.54182490449,417076477027.456,1299975444.9959462,310.7797730700164,technology
80,72837733834.55498,28350441958.18559,188335.4205065144,662975718051.0625,169547007466.3131,3.955500873364802,technology
81,81874856575.96085,33942362142.38796,40802.91616482079,347982898721.1405,5479165415.395619,63.75434668544572,technology
82,101361593582.4301,50803317083.22168,64926.10534987173,335497342063.3211,4610935579.579435,72.32502823235698,technology
83,74830482401.47862,32651459624.376766,207977.88727995747,188997580596.69543,7029382088.270124,26.88736119393496,technology
84,83527545259.30244,35246943793.086235,121215.3592010444,653498553088.8207,3610989509.249608,182.9952974352001,technology
85,78651132323.36577,27851737732.159504,51538.08240432556,425187138432.44165,45502355691.21269,9.63987161120644,technology
86,96746894408.15408,38593743029.45596,117934.18759726358,287637040791.9952,7391768347.52234,37.91298555281389,technology
87,95376739493.39037,35277756554.41084,224198.60957945336,733533156784.4989,9646698839.178694,75.12369912125544,technology
88,99962603261.07922,43806059255.1753,356636.41494758695,919492998765.1216,7862868153.590238,116.07186266435548,technology
89,77858409381.41402,34614640546.434265,154400.4530611855,454603003095.4736,14150811411.652,31.21434136081825,technology
90,60633109173.97781,35584122250.622086,90620.10071268496,592528540484.6266,17002051157.006042,35.14633906549268,technology
91,83320413792.11183,32950116155.333656,123884.55538184982,651986363543.3823,53023749278.39939,12.116853041162896,technology
92,77068532526.31883,24207237008.77165,159267.55462323458,217034239559.99176,1078032946.477038,204.8729200829101,technology
93,83519754487.00958,25732459616.97731,62845.3804917997,415567234167.72046,10576723562.931473,39.57408120089842,technology
94,68333024732.57393,28125457117.635868,37927.40613186318,346651197254.1408,5078756238.34616,67.26889953372681,technology
95,91364622997.4679,41195535509.35786,9567.162936042372,635771224557.5459,35643647421.84267,18.348617026892832,technology
96,68596646618.42632,28928310133.278805,29282.59564105228,531352179968.6267,3908911960.470194,135.7429761457854,technology
97,78711036852.15971,30453922123.363445,135604.9845919887,372564595267.3632,3235148263.2331414,117.4845540604136,technology
98,96700338116.96404,52334882366.64197,98463.01546557492,1255313354429.728,34928270304.125175,36.630955426235786,technology
99,89077059896.44421,47005561656.90292,141658.0281936324,672351717701.9056,43366243399.0965,15.44130287734392,technology
100,98629868910.04764,40599170236.64025,136443.97527336137,341707690164.8112,5796790112.439278,60.36534708548388,technology
101,69153212128.24013,34134260090.50947,25765.98234309637,582102704667.3469,541570023215.5209,1.0816044611371185,technology
102,101320467971.46486,52682402517.601616,35593.94962527573,757426951280.1473,53971295709.36566,13.813466099923234,technology
103,74625461593.38124,23965331052.89195,64241.02065757947,172922672395.72012,1313344863.1959078,131.84015640972086,technology
104,98329526159.1114,52246507044.42598,52142.858390844405,522828423434.4277,11599512663.786,44.953765421620325,technology
105,87923308476.3273,27004750677.71426,10813.929888772784,282952211895.6413,6648425381.0694685,42.11598269300495,technology
106,93023888796.5358,17178207734.066397,51475.11475068663,261815698845.95187,1525495928.9329505,170.06145683760442,technology
107,77789580116.04091,30329587467.45223,104528.82107328222,456027590502.8625,10973631916.953953,40.28832226718831,technology
108,80791765578.11528,30668567654.34679,124303.22346643094,627369473080.0736,9710723414.886414,64.47713173699108,technology
109,72151605624.49213,31049797041.14988,114022.5341655625,630014948908.4901,4008893957.034791,156.0204263414494,technology
110,67000388045.44466,34650512259.429794,72544.99856992062,958235374629.6202,9198099858.68282,103.48382745497058,technology
111,67729707584.206535,33544577088.185585,30916.25337166658,330502398434.0003,9101052612.642157,36.46074272942421,technology
112,84018226867.4241,31601807006.56389,27352.406394025653,333454452481.6573,10128240628.894575,33.18244007416581,technology
113,82520317982.70131,33821985581.19005,146684.67103780428,536230753380.1329,11333025197.070604,46.567518610257785,technology
114,78349177694.17966,35663971597.62655,80581.35278878464,542147620567.4293,11460090464.771282,47.94104550128328,technology
115,67278369837.13286,23644693930.399944,104209.81747838957,364660102055.39417,2463610415.3886414,150.83027116439104,technology
116,99870757654.36938,31639329193.8506,94103.96922471942,560433696335.2394,3923341007.458836,142.96122940129442,technology
117,80871117568.37164,37315339949.10899,107290.32564811553,450440867370.5446,45024558568.9409,10.314082951832454,technology
118,88664265420.40283,23229676087.237503,148217.1825207637,476585935475.0407,3204535106.546899,147.39854236851332,technology
119,89130783889.36804,40548130259.84662,28890.16039148312,480682137768.7865,4969708090.688041,95.15340345867818,technology
120,85481851897.73145,44770133029.88653,146261.19100923982,647711641054.9667,141716306326.16263,4.774751164963209,technology
121,71265804442.47499,35205810373.51113,91525.67634216815,701255883720.0012,13346891618.420595,53.86438630023213,technology
122,92691758147.59592,46843094057.85549,213045.3276846043,576839433948.8356,7724288219.748464,78.58152036140052,technology
123,66221481408.852806,28377326593.220448,40105.60917675224,350557947787.0401,123209306146.00984,2.7892651940827053,technology
124,98461566739.08348,42272443600.93744,92140.03218482934,550412401124.885,12806972778.756826,43.6758908096843,technology
125,95899573129.37956,50228192361.49926,108166.96374069613,1008517595318.4862,8511170457.254623,118.05200293207328,technology
126,90624940483.27316,43434387395.29993,79923.30020127821,947193260651.9244,5545749788.387232,171.31672325117296,technology
127,92064274899.97871,34618804139.24144,77197.08311016954,670531857160.3538,3657265270.166184,181.28748192509585,technology
128,100679151110.91306,39516144385.28211,134634.6327576758,608085127381.9186,6360792503.169123,95.5201802425291,technology
129,72604913409.77072,43825061333.16688,92094.78077477532,683794438965.0406,41061208889.62808,16.566646480641108,technology
130,83482798430.02728,28741059798.587345,52529.14416022008,546122575009.7932,4020379660.340056,136.46235241696235,technology
131,82358970493.80597,35740225645.988106,20799.155139328148,424818873462.4177,2752224438.152109,149.15720117594543,technology
132,94385288774.5204,48435627170.87162,65076.09488134835,589100970886.1469,70243663908.68446,8.30520927514404,technology
133,80082338680.4763,45083324055.72543,70642.07161554918,557700566821.1262,12346993516.36484,45.82696134149835,technology
134,86951074345.94176,29829609131.875465,199767.41757290057,188006349839.3921,4805452498.234949,39.83906563509746,technology
135,78555758036.44464,45978443024.3038,48482.28390669513,452794919067.9576,5003930638.793607,90.30522244179951,technology
136,93840133161.26505,56503917999.1911,-89173.56989641412,1134117742317.804,1692844782969.2104,0.6667544681593492,technology
137,87621970492.68707,29985833807.85264,191392.9710881001,772663565791.7615,23338169414.46432,32.832294804287024,technology
138,77923292366.72011,36041449514.23147,114883.07295653144,863117029738.8503,13565488086.746244,64.07335708673106,technology
139,99480352093.79887,41429881648.56777,264995.76647486776,344891738417.81854,2554689884.178984,134.42061132491256,technology
140,73790380434.00494,37652041370.06872,60878.885944742025,599350992587.5032,484416197128.5025,1.2183462078708769,technology
141,86531196832.50713,52180127259.41668,99550.86105252874,1376334186140.017,11766763687.408386,119.08298230788772,technology
142,81223144099.09126,47246008270.403,29280.64913865166,970840384060.0408,6143098507.218619,160.36302904603644,technology
143,83496344331.24408,36531212687.11317,131601.6156528477,390309178248.6746,6416439839.335038,60.50841016152012,technology
144,75252614218.16327,38567565213.5687,265678.6531457516,1000094459644.188,10961930264.33113,91.61543376250796,technology
145,101989731002.29137,49080844233.0995,37672.83258092445,889168818607.6315,48499680241.18118,18.013500236935958,technology
146,96244775635.14592,61272171958.91556,35393.44632731994,461985016011.1752,2575695670.6268744,177.2064524426771,technology
147,70725204089.03519,25615621021.923,162298.25737226527,383052465854.1876,12176176002.078209,31.59615442292037,technology
148,73794188220.32895,40634290390.71168,83658.18321803462,443054942626.905,4422069812.146548,98.25904554818808,technology
149,73641003997.9831,32350398529.109825,116923.69803357546,464973295008.9778,11843733687.455124,38.58950206435998,technology
150,100394874391.989,54213944629.52335,85534.35996667214,609143936605.2102,7160752223.707009,84.55983362282782,technology
151,81719633231.21701,31094438584.1464,121779.6246091328,280306726566.65063,20641564734.01889,13.446109913333164,technology
152,61784268507.521614,28581003086.55107,29675.087628036083,418538570374.0454,7016231358.18011,59.05596329611003,technology
153,71963389056.5182,16462893953.343843,138562.10385119886,419874156731.5029,6490517278.961171,64.39294778697307,technology
154,93324023321.41731,27311317077.196712,75263.91181970935,364751537763.6636,9377288441.820002,39.098860098744574,technology
155,89130465635.06592,43360820547.199135,32785.64033660096,1385042044766.5942,15131638552.02418,90.55208035731737,technology
156,66801513013.28928,38706840228.2121,2685.801314431684,451724901441.64667,8918498647.009016,50.63856925212255,technology
157,77144337563.06947,32319968232.85373,151631.01316510403,695813938630.6455,14993274511.222296,46.822740818809535,technology
158,66483536366.84641,35722921297.316605,83663.41534125581,503822881806.2538,1660107286.3866706,298.04985250295056,technology
159,61957562578.5181,22301882755.86027,31062.16179146076,312893176378.69806,3238719208.059571,95.254754655596,technology
160,74331054025.05971,33339593590.03491,10442.762619724324,664715687289.7273,6276986011.11141,105.24924496594996,technology
161,88569062921.17033,43203984166.78439,82617.16614804024,566059592142.9679,8258385397.364888,70.60852680263717,technology
162,91374356970.48576,43032771665.54403,87476.74485877895,326695541572.5271,2769252795.511201,121.8484362168984,technology
163,76183969412.21404,32735732444.48945,84179.21145969842,670743037552.8629,4286158582.365997,159.2361099401756,technology
164,77527818690.62958,24167591850.24279,21689.351052942344,413134927668.4222,2725601026.7902155,152.45423213760148,technology
165,90195171927.78726,52683146282.32936,96541.14336878197,1192675364788.766,52994965868.43605,22.924100053479112,technology
166,83295923428.52328,30483983700.73648,195023.7822949339,329171406163.8942,3208352317.4343925,104.060191457765,technology
167,66980818244.52992,36424753483.55616,128988.93857064402,295579807594.10645,8131017528.960242,35.366171487866104,technology
168,67068984696.02392,29375811057.2155,114973.70830687736,615919223491.6593,8663201736.039991,72.83073002263387,technology
169,84071867186.75626,33901163619.428413,165524.5841297652,684869342997.2798,31199476278.73163,22.531836761733462,technology
170,81573171729.8726,27616169206.986366,11405.74177157441,636095170846.8806,5459794358.392395,114.05758192370136,technology
171,66544261829.86649,26428894281.63509,22622.15104919996,575181036039.8367,11451359860.538914,49.75643108309168,technology
172,67631575274.53361,38804210273.15183,82458.57160951967,556631529976.7345,14219779800.292604,38.99078015846389,technology
173,64187914026.833786,34604915835.1007,90902.12128623073,862520417899.9094,56424280617.119545,15.068784355512824,technology
174,93941666255.87166,33062465000.065533,4799.04003271339,161969786915.55948,3070957885.923148,52.699408063285865,technology
175,83986099496.80763,36867170623.1495,182407.87871743768,463025332887.3818,10156856422.331238,46.04077372110965,technology
176,82078230896.5086,35660948731.62373,112185.10034328126,328692898686.05884,7165433084.716338,45.99906700476888,technology
177,79116145592.29964,44287052231.21451,53206.0248107959,1086367955141.507,32716339108.05908,33.58279606331631,technology
178,82694060897.63863,43261950827.40345,47473.561776769406,993936856186.7726,28079883687.35725,36.91485844452586,technology
179,97616422754.32214,43274015390.23602,2590.014211293869,447432532827.114,2336682516.061168,195.8550401672216,technology
180,81448675015.33195,23136594969.789387,109920.3366738182,414110358932.831,10465264676.51037,39.41439067613844,technology
181,100847756428.83356,19195762213.96832,73408.31902971247,383993337028.6206,16706398401.302326,22.84580264459056,technology
182,80698610304.21771,32957961306.96502,35824.127623521854,973720401628.0264,18704846323.167747,51.00204379270048,technology
183,93350788796.19162,30923185653.030087,30929.96716426032,358577534881.5581,5652697488.579082,62.792975222619134,technology
184,84670295109.61302,39425286786.93205,82736.23573673335,383320206023.2481,5981134955.656828,63.56907268808966,technology
185,72667350316.78763,38641437789.21931,45307.28606920235,536757019396.60187,27719172499.27081,19.4595699258927,technology
186,62459261432.081245,40002081693.11964,68257.96071689542,884915724995.8911,4754419201.526495,190.5483873588277,technology
187,86411770661.89604,45618333774.446014,53859.96600336485,387305827320.6841,4305039663.016622,89.81880726522293,technology
188,85843131144.54967,45633789806.6672,145244.8817547085,596109812942.9943,2207473750.560425,262.140851345278,technology
189,96066642108.8862,43174804011.20338,100789.41647114774,1033050610384.8668,37616396202.20173,27.843347192935617,technology
190,73552766568.81847,27212656211.713573,98049.44340662372,450903670768.6908,3482581223.207303,128.5800831557619,technology
191,81604348370.44066,27895926525.87806,67438.07133781258,704689668597.0032,6500566244.536975,111.19972497234144,technology
192,92982298132.39148,32877300874.189587,123606.81718173824,402245823126.79736,13934266654.800608,29.68301139739945,technology
193,81044552218.22781,38651893581.19348,114264.07235275811,1167356708020.2358,42180818550.66375,28.10332070860291,technology
194,83337744859.12283,49276318225.727165,206209.9632812928,753029500897.4738,46833922267.17158,16.123782717435564,technology
195,83719815758.03577,50880925534.774345,199736.9801106758,1083177552522.958,14364035164.956284,75.17868508197617,technology
196,64669748955.55678,28934021322.3097,71059.07851776459,220147006313.6712,3188335200.950119,71.40467522329355,technology
197,80025343766.29634,32265218697.76114,31501.357722569566,774263612044.4878,6284620472.748957,123.93443844963949,technology
198,97383091976.1006,36157310012.90289,113386.03748274935,397469945919.465,14690905094.401093,27.217148185637047,technology
199,98593460343.51158,50963370635.81805,93223.75588511609,722947366016.4913,14478731567.699677,49.56118743571159,technology
200,81331298138.60521,39687270524.77409,48438.24792186903,368750277804.5306,6501033112.333821,55.72319909845754,technology
201,72242173997.43588,37299076544.61543,23462.614486599847,642561048629.4508,11390655896.534887,55.81150873598712,technology
202,91520987788.5386,30702557287.7474,158579.60056794304,601213687423.1597,9536903585.48618,62.4426192344156,technology
203,91098037785.95572,48403469802.87207,77746.15835437023,488450045209.004,6983972361.177503,70.00691980316415,technology
204,96222358437.2485,45870413764.76804,162577.0117723355,591397109178.1276,9040054040.175829,62.91138025882571,technology
205,68484245794.01143,33764329928.659,116422.43475119089,665286471525.8488,20044099896.413204,32.82808299417035,technology
206,101401155210.5826,41530683649.727455,23590.13302627976,947700210067.6814,32456917311.82384,28.766109021860995,technology
207,88679487584.05145,33741385927.716297,21227.280642826063,297694390044.3133,2212650157.025843,132.37117814558238,technology
208,75561564154.67229,42644884463.30272,131345.76733392483,1158223319597.191,52106503979.86077,22.74773956529836,technology
209,77028305664.18651,40090697080.60034,126478.85963003866,556393292880.253,5684508049.851128,97.03297651238852,technology
210,101823769416.8755,39802070881.52296,111074.23783910024,642506042465.6516,4868385925.587688,134.67397574725936,technology
211,68890334619.58351,46455456889.22634,26902.68604813648,583332055878.9473,39374068784.73995,14.620723572907028,technology
212,92167818589.49858,38849321132.071495,99813.10678386255,615952991295.2157,2797425823.212371,222.9452393214791,technology
213,65970240586.80654,33304026442.80703,204115.2428487888,201182043194.5205,2818602721.99823,70.85899599511282,technology
214,82914612476.95099,36926806655.8453,118572.60821857788,284671242098.61774,7427556726.579129,37.25660120275742,technology
215,79922620226.9429,41864756376.58589,24346.603244156377,708167283818.3036,11836944347.760696,58.27292172192,technology
216,72527459718.17914,26219820109.02751,67358.58796207109,475196094389.90735,4246455286.003102,111.5682811391788,technology
217,72954387117.40343,38072881178.11665,138362.15372713815,257774654834.91333,3127257411.907,81.84853318265475,technology
218,82918599439.17105,29868855708.184525,120483.07153120724,697202427476.6672,54230488978.39968,13.09219720866623,technology
219,75265559365.587,36531687974.67402,96214.64542519924,759818065337.6958,19826350247.202087,38.44340304497911,technology
220,100607650331.93564,50385267182.86148,62841.24517286425,890753057512.6323,3455396240.514652,257.46919895389,technology
221,100791140078.9596,54098498044.12834,167081.82506199466,1116771624882.9016,41342647616.36153,27.982393838812992,technology
222,95055643335.31052,27709764480.368057,183976.6937608248,370363907184.7277,6070522726.464325,61.40332236070329,technology
223,63465000427.89846,24123630504.263275,18672.83433995512,273406504863.62372,8304793427.582008,31.769191063335622,technology
224,91872333004.08574,44598759191.08105,78329.2514811638,1098796904619.3925,22708566480.94313,47.0840301455507,technology
225,93996575859.39136,41690579463.367805,81179.33370046288,982166240472.1952,14229233439.045408,68.04657385844035,technology
226,77878889087.16707,38036945219.285385,1061.5817473743627,354120987589.1448,4578358372.439827,78.53906077614427,technology
227,82826920630.98198,41735939215.13787,147389.39130685147,521909454769.4847,6549356125.242471,80.13629385381547,technology
228,64830839750.94754,33224837920.158333,103548.38327629725,437427933915.3981,7006139083.549546,63.73775717722494,technology
229,84561601677.5833,29206012396.863453,327542.1114065887,393972254998.607,5248969576.939947,75.65859437177282,technology
230,66660623117.819176,29138796991.091423,39575.592971632,378368116276.3989,1909655987.851589,199.9989790949697,technology
231,80492184706.33797,27208945873.40432,142916.5425943194,518721408663.1348,2721240242.1851835,188.7370573075928,technology
232,66220217292.86826,28981066797.058804,118320.6961310743,549874213156.655,1988179839.9651349,271.3467332887338,technology
233,95436564356.7348,52473525067.7531,185428.6253372524,537006253765.5952,2637383594.501873,207.48850025958737,technology
234,97307199953.37135,33824674838.397068,99897.25546089956,193647715780.33865,6882752577.35623,27.736498372649507,technology
235,76547294878.8955,38540180741.31628,93592.04407889064,324160175385.7521,7077067176.562256,45.5632523471048,technology
236,71438433561.83916,36761640019.87395,163602.6070026047,558936371836.194,22832538181.01013,24.149665332296006,technology
237,86968325458.56593,41202008790.17324,299712.1540040336,578066044911.075,5709367851.511767,102.08888825523326,technology
238,71319620819.38077,35986804346.893684,47966.72704503159,616532614370.8049,16746782334.768856,37.50260456115334,technology
239,74608762823.7625,19147619515.65515,5981.005335713719,318980593044.9952,1711528656.7974217,187.3393299920273,technology
240,79912668399.41512,33692196936.77937,118890.95086053498,663659999643.1947,3949316648.379777,167.25308295448332,technology
241,86019983054.43994,40488086971.50098,115746.14625693954,397540023350.20026,59220471840.37143,6.584006511068251,technology
242,69368942649.78079,26092911878.193325,110721.16777494016,432885847972.231,3140134674.4074225,140.4200452888624,technology
243,93942890720.7707,50648623590.50674,252532.87729525825,1124655885412.8745,36686844829.94126,30.764457225194967,technology
244,99021059817.4309,30718876009.14054,84717.90613033414,634044426708.8696,71495568056.75948,9.123482857950956,technology
245,102585104226.95044,38476978554.06635,61173.38386377356,481654937845.8294,14191489447.055416,33.98511899247091,technology
246,90055733700.76546,35455104884.25208,59112.57035026776,716114559104.1299,9439789401.925022,76.70787517204342,technology
247,63566153326.907234,26969473634.498093,59167.31873996207,581108481774.3118,17597660941.461563,33.083840572926576,technology
248,80552353865.1092,45506079729.549286,70205.77028786979,554685468266.676,2841453020.642189,194.79574603042505,technology
249,14561120485.832245,1201550123.065482,131382.9068214391,18923160804.76708,315381169.2439028,59.8800300583934,technology
250,25086513321.283325,829126498.6326978,425256.9231005825,8021229080.838805,58532837.16428431,139.13876178798836,finance
251,18667911223.221565,1483489027.5118043,20969.8568127484,40755368947.855736,378086797.5715689,107.09887894994908,finance
252,23534140826.081345,1097977523.1877775,7607.10122887052,26614943374.64942,456239323.6329232,57.26172941245164,finance
253,27269268435.43694,405746832.19013256,385023.27818093175,6708448624.100149,262168550.3993272,26.15369686453316,finance
254,11009382978.762066,313879467.10118514,169432.50893156463,8043604485.340833,1417203119.531427,5.66420489377231,finance
255,15658015544.928743,868885626.5139804,299332.270872663,11149783560.367647,227018136.00683445,48.057696060084815,finance
256,26553973055.228794,2382031448.86027,199979.42095955776,30789254880.34516,228277924.4913065,130.9548503508077,finance
257,21489115278.98941,29173695.88855505,306510.85994395433,433768305.7887553,11070120.213869192,39.758616093319525,finance
258,15491926070.52209,1194986283.7331698,99685.92998219637,16280224748.87658,117192664.08799492,141.5256189768437,finance
259,18227831679.00063,1447965570.8649323,245520.72278132252,15023945942.262352,929652928.1141548,16.194661038871086,finance
260,24760407141.32702,1240203456.3930094,113762.35147127892,26034947727.12066,254018295.4844574,102.73762332317033,finance
261,17809303430.635715,370235956.4620174,186755.93436146752,7408028731.737205,499114676.6574938,14.683369832785583,finance
262,23544564925.33255,397378367.4590165,324574.33517776994,4517970904.632643,17733804.639269143,252.619753451344,finance
263,15581824043.973322,107089620.47691868,176554.60887668672,2842208533.925216,47295297.84059094,61.69944608846856,finance
264,22687037257.958,1401485356.0210235,147502.343847814,23048425842.483566,4848206822.371172,4.678909143706245,finance
265,20989251503.07446,2532891844.2960186,245488.3937876228,28042849161.55897,144796617.43622968,192.3794099860848,finance
266,21589437174.01368,1205818988.2278275,249363.2246072318,9012839167.835323,45523179.55210496,203.60969327540732,finance
267,29469549574.76004,26844910.6058674,859566.486662732,351792615.979845,9784065.244020415,36.96871356582966,finance
268,12109397510.023315,147633313.6481466,527274.9939359124,3473222066.1429114,20560509.37385732,167.4729663560765,finance
269,6894901655.481155,246084600.40242183,63072.57832637412,5517908659.292775,58350006.06385415,92.88871714403663,finance
270,21860591273.770508,2313709414.3515496,173345.11985002263,14254410482.317822,1038653651.5375676,13.564262064010936,finance
271,18299776054.64228,510166687.5771391,70027.46751378755,7288700036.915852,1463339076.9094234,4.90944814540921,finance
272,32115071001.81256,10724463.955046589,582479.8142556526,175688187.70746526,2749166.212928533,64.66353021944006,finance
273,23231204975.953938,1443190119.64192,119264.01660939115,18160620268.49432,417225937.7441082,42.867749467494654,finance
274,14527715757.221409,1041632711.8045112,245.45006355183529,18157019311.34775,512526519.3073615,36.05711508652179,finance
275,7080511238.263302,330253968.6896185,91317.731451084,5833089886.885583,26622630.38897457,221.12038617578125,finance
276,7250496892.681038,521017463.7559562,135991.28430666897,9899448339.03279,87192560.87153995,113.51350117641094,finance
277,9093409249.013927,735775930.0677465,56805.97165042832,9209041756.138548,349531954.5129476,26.504613567022385,finance
278,23562664488.36048,17706719.679393847,34614.70817057368,143967703.98939186,32756364.89382533,4.377433433781151,finance
279,21196093438.514755,1956866408.4389832,352594.2330560754,31199734154.813644,294514509.26107174,106.27625468285548,finance
280,19133578601.107925,760129673.874214,78707.69754947712,11927782591.248455,234062700.09875,50.186794298354826,finance
281,25204265264.55289,106992442.23665392,254457.69581356223,1390470184.8578763,55222382.35382988,24.122374920874115,finance
282,19322015688.870964,1537159882.2274778,172431.5367486264,32523003245.68524,927404921.5889542,35.31206974874902,finance
283,9260271040.519283,21666003.134683173,80273.71398708648,309053869.6293564,1612905.2284071024,190.7435383562686,finance
284,18393477605.502342,1831203195.6919649,387317.1637979026,16767044731.945845,102429104.0489473,163.70253431074278,finance
285,15149719839.687277,74056046.72568303,442078.1465190572,1118658800.7223525,13575652.417088697,84.08719902316058,finance
286,12479717049.066525,931591773.670494,27306.98745460273,12217782950.794037,412056192.9210789,30.07645872287394,finance
287,11554556498.416767,703821324.7815088,166067.01163986285,16314701966.955194,469534476.5543679,35.85979693836829,finance
288,18405709757.33767,422799689.5431631,195878.0297478424,6825887885.195114,275845059.99594,24.1296582029764,finance
289,10716962195.923029,997685926.8499852,425324.832984288,7311446260.271025,110621276.84391364,66.09707382253389,finance
290,8841563170.398205,231317954.6897709,159881.5764129644,2141542477.4288769,37063690.08317316,59.35837764494008,finance
291,10958742994.977886,1261919964.6219678,80099.39026583303,23463816886.91233,2954131336.047029,7.852800336792661,finance
292,23079808057.6411,1586158894.0362432,493678.404601292,28713040836.68171,380760968.1095396,77.98654242013735,finance
293,18803500856.483906,989905118.1675,76854.94051028756,19220393036.09175,342614035.1347655,55.79142238152638,finance
294,10929153015.694544,114897067.7816032,129889.79284601384,2328577592.668259,17991562.29861534,132.36851514391253,finance
295,27266090621.02797,357405046.8045742,656373.6760933404,6986716511.391403,80909731.25299412,88.73986197866932,finance
296,8786763478.362623,907176420.1411556,215172.98069648832,9817236067.485624,742849712.8224499,12.95400802905706,finance
297,10500682252.735756,1179381364.512562,187108.6467872781,25638503740.84476,539982484.1173689,46.79548685187548,finance
298,13119528803.785604,707641092.5596086,187571.14754284153,12091991587.497278,564268309.9160839,22.347549070043137,finance
299,23832550830.71181,950551086.0225952,179621.59152260132,15995473245.943,307138938.804894,51.92059421372446,finance
300,10370185222.252598,657835766.251808,176669.27697883037,10370686096.883844,407825049.5118144,25.509359850860644,finance
301,19118241698.76758,953905176.2815351,216556.69528028968,15801630338.483904,287796667.09214807,54.28644866029639,finance
302,26260725868.478973,167019856.4236697,197733.3916212024,1710803983.734324,13112444.91662618,131.2649287531215,finance
303,21419660951.65457,1183220494.1000714,625172.8410331885,22261702048.46156,220999101.92408785,101.60673745017016,finance
304,13970907149.938875,831488699.9480637,217409.6986876749,4218691641.58194,49375161.33992705,85.80461284524608,finance
305,18777557587.62263,1837576870.52062,190750.8827392266,37987487967.58253,3836622833.2493777,9.900916358387647,finance
306,17326356244.52708,732091155.1966515,538973.7167560951,10597002495.945951,509453105.0018294,20.393628747930112,finance
307,9624675613.288658,28388781.293983243,190753.98659368444,532844061.4489114,5537875.584755454,96.28283551691844,finance
308,18529727779.576588,1046220122.5583066,143843.58061012154,15649211894.399649,396341151.6608617,40.137021386991066,finance
309,18066563238.93733,1798921089.8236277,168405.38399888267,26209340007.18827,997574593.968658,26.272251441194825,finance
310,27657818431.432625,387906684.13358384,477656.2609962502,6253369035.274375,38579587.889515385,164.70762451647215,finance
311,7310281929.107093,333552978.90935075,131321.49723707596,3206780486.0760617,18899903.05166957,164.9452983696675,finance
312,9547391104.425823,60787620.85586576,187715.6043758801,1264326150.1921728,12473378.40265594,103.87858069887272,finance
313,12506597429.88015,810654213.5963763,123493.45397307168,14218572339.661987,136010986.6893724,105.10066438956552,finance
314,19399562528.52919,253638593.6636172,275848.8975131095,5462891610.302327,49374743.56144099,111.54844258854736,finance
315,18228570049.176605,1297059122.774989,150899.86188223434,26030553379.73017,537123949.0245589,50.20967960213433,finance
316,14545128957.44193,837416172.7570146,122781.7029701967,12902414145.379728,110182854.08297668,120.88367624445522,finance
317,14105376725.340776,956820074.1606176,10388.83382246927,12701888195.571472,811199175.6350472,15.792064404145185,finance
318,20777080752.16232,824410668.4618527,348612.7782225536,19048073510.1762,1411808036.626007,13.580371421134478,finance
319,11522517386.8724,958492279.8715785,2882.3614560593724,15785760096.353672,486978346.1652414,32.12504518966531,finance
320,19302128964.665527,293612315.8588484,320407.1602107616,2656421418.011596,72759308.36823945,34.78095870105509,finance
321,11918761457.729832,709012887.1301147,290783.06091038947,16684829967.918177,175834031.22460204,93.3044221582353,finance
322,17023791290.042646,1484927061.268465,239742.46945001872,29116123325.88627,236200191.4813956,123.61105989742956,finance
323,26897291440.1646,374287077.7405455,340980.5829669181,8182581944.000548,84987652.56372467,95.3542248545697,finance
324,30145327789.84888,1197293599.295881,311637.74144698464,23569468180.858868,233418861.2870237,99.6037220770231,finance
325,27927156276.625942,2426182952.4185567,164022.85458117072,35838420501.802895,772430142.8966546,45.27741462588455,finance
326,22205548009.2138,2499340158.675111,31720.50865681271,31510647922.65042,328174161.7732645,96.89608264165857,finance
327,15593665409.969095,1335655890.6265912,173285.9878966139,37625545320.07561,182330549.1044048,207.0547623458088,finance
328,24397031283.61206,2095478490.500318,123717.34074342115,26318309221.396374,669909368.8471636,39.18840253362842,finance
329,17732909953.24485,411177627.9164233,208899.11202260887,7424184880.687672,91206718.4652443,82.29848925175945,finance
330,13904906867.375408,70587704.93658824,138913.52974174474,636932045.0312334,183047355.09529188,3.3766947596158783,finance
331,26667959982.72397,1529194276.4692557,242355.85696980383,29749656079.407314,817021447.5094601,36.09251653830075,finance
332,12628846459.790363,1070206873.5584046,412824.796357484,7116207195.311316,58331051.64381816,121.13852721513447,finance
333,16763498474.605356,494569760.9122643,182641.78913386812,10946356302.632215,1035085333.3627032,10.53583638114557,finance
334,24589018441.27282,2189183311.108575,78610.04333993005,39711666811.77625,506436385.5137625,78.29515003916397,finance
335,21352224108.228382,1366598715.4181542,190159.36887654525,23814710095.57369,2666524123.5525784,8.94888879987496,finance
336,9905953316.32329,727295539.294805,219990.6733259489,7187175152.5432005,186892356.2507777,38.53236106912743,finance
337,7108378957.254596,341888869.24191993,62491.62162224436,4503136265.067914,246764267.76937053,18.57580555899035,finance
338,27297281713.866432,372366466.17181593,17466.88270424916,4926029043.378122,109406464.36481398,45.42505827752814,finance
339,26636023083.493137,1536364469.297093,383126.57863827306,41400777684.449066,3710057296.715076,11.088922721570937,finance
340,8332893330.317482,22000184.53593649,166785.5860104301,205945232.35242543,927086.582436082,225.3980904953737,finance
341,8958864204.894049,551671604.3376583,157110.95886137144,9843367224.020784,50333035.42168472,190.0490023092173,finance
342,11025988188.083887,161059057.05714577,5807.815978581616,2731180135.4671874,117531616.507152,22.559452387254424,finance
343,18663810834.02169,187019769.9431573,196372.45967010883,2639031204.45578,62576678.02945852,42.37823410622769,finance
344,13501746052.024242,1483369410.4506812,119284.9218331722,27795377324.06167,4362515718.65096,6.532553424570648,finance
345,20214229300.514744,419576844.2540927,136333.9375460326,5750621474.289782,28692031.71818069,196.0962846592459,finance
346,13910522034.800076,1421349551.9563725,330.1087302273009,12262612902.114737,251671158.96416503,48.45979190008613,finance
347,11261719372.65844,1164551999.542905,432246.68356489966,15349977922.685415,548279775.4281143,28.26778295799669,finance
348,26697460459.669827,2079540315.013116,286258.9551291195,21337087475.90609,453410929.2913531,45.59199796804368,finance
349,26208005799.759315,1733167667.4497032,192121.19230626855,20605120567.615124,252952326.37630185,79.77670096871098,finance
350,19816028006.04635,66484986.119760334,244656.6473982758,1783165846.0378883,52772845.74451475,33.61335099141147,finance
351,20468038634.67628,1564996711.1563542,292146.9846050227,22558881005.63929,251087243.82404232,89.48031771845886,finance
352,18478249755.584896,145849833.65211326,222906.1481023032,4059163831.058477,39355711.21010776,101.29855328123524,finance
353,12990518238.80744,1302143463.2717235,228922.4195909856,36439702121.799545,1285487772.6566806,27.851555623156024,finance
354,18328326997.91901,171060544.36456504,192785.13370409873,1896859844.1913068,47552888.116307616,40.160142053163085,finance
355,16196244598.510303,135893482.3858663,250648.20043517472,2127022519.1327064,14692835.835205918,146.36205026145902,finance
356,13427812326.955688,73986386.68802033,113866.31569390604,995868970.7221204,15551004.491081528,64.4056666371037,finance
357,24159554691.05657,1558012022.2368908,449047.1298893319,23348322180.69717,92668575.73456717,246.55939165559528,finance
358,10730613146.659348,868030012.3582987,30550.788700219266,14296407645.351156,209064293.51970887,68.73659188884936,finance
359,28461682456.743546,1376198428.8058524,408840.4963420833,31131242492.33925,2005336978.842096,15.114908996752844,finance
360,6035118724.03566,279546963.28694296,9135.85155019424,5598610779.607543,283469947.75584203,19.52172282196376,finance
361,13999385378.022676,707373151.2254316,188217.63970056234,5339745968.344216,37111831.64952672,147.6954400931129,finance
362,7072223239.220972,440388771.27114594,7361.650880763756,9260201751.78962,2100188990.4211829,4.4917485194750295,finance
363,23111231854.48589,702654847.5566715,19080.446923759955,9093535359.071358,243215055.74722272,36.88791953599363,finance
364,17084686035.865376,977964310.9238952,189169.02588264822,8514361045.153131,119269784.46447566,73.43476888663147,finance
365,13653714959.353436,1287003328.664431,53325.7107187743,22943635283.86398,188667320.0091444,122.82764810241936,finance
366,12001892974.544098,1094338621.9229486,126289.57430104323,11956352749.772856,64997448.63404076,183.24913611362177,finance
367,5480671393.952389,38417578.59501813,1351.2780930321126,405799289.0317253,3094767.9917360726,128.85029525058872,finance
368,19212757127.433216,2119842732.2310867,337570.6283951811,37446004898.60372,344481895.26404613,107.00673688753784,finance
369,22755757845.94896,2851676.598169693,180999.14865359152,31985878.98637253,178353.61928543056,177.8600000647834,finance
370,22827248837.48592,1351929634.6927829,548330.0499511862,12546983696.275536,62712319.98282449,198.24478120838012,finance
371,25251851278.332043,1445897749.438638,110183.58947481168,25957895816.43768,4418075739.657049,5.828362795585116,finance
372,12883756293.770668,685047070.0140505,141524.82556393222,13093406859.3968,187016716.22304824,70.42576243636933,finance
373,12202152603.935553,80632066.05090584,191446.19998329427,723640795.777578,36381597.14034646,20.11542075781899,finance
374,28103537389.6542,1929033685.5874608,94499.60128627012,48032595081.18092,372603762.34816206,129.15585546466855,finance
375,17951139845.488464,36847598.72551287,193028.09717004618,510474086.5632077,9097254.01613053,55.2446669456838,finance
376,7674903583.252852,585778960.7366464,35793.77690840135,11474621530.11258,81447332.38211615,141.00854653731488,finance
377,6428389636.754588,418631020.2655089,200001.3427151265,3895425562.029455,51537236.58184324,78.22555936753233,finance
378,21981975132.884632,1665027597.5094905,192989.79372295577,16031877853.132547,114867510.17036478,140.05778463273128,finance
379,26436957347.109043,1394229629.3986752,193320.90905155375,28066433370.995823,847651579.6402361,32.540127264926504,finance
380,7501196984.892906,509910412.4197798,184820.35826504015,9455583619.43841,66434894.72841011,143.1801623076608,finance
381,25174201076.03905,1862983896.6015265,30428.620986132217,19086096758.982105,398520055.4066474,47.25608044258483,finance
382,9974682381.084295,550448625.1314249,5216.269067002587,8853659339.255829,98925921.88972372,91.49869703511888,finance
383,12228270615.169731,272642328.7012536,251139.95462508552,3401667624.0413346,35244917.31785485,98.29542158441797,finance
384,21542670030.37285,214752454.90548405,225782.8127573268,4475982390.25468,266226291.2871909,16.884751385134386,finance
385,5293376410.259705,139579787.1970797,12337.063557458338,1064347806.6031429,13433894.963817883,79.45493424474739,finance
386,13269324520.705175,770184549.6442546,177389.71386827968,13342359105.408144,133397384.59088664,103.01794286155128,finance
387,29808297368.453102,2420013103.4239154,455811.8953218815,56511057085.94569,924244985.4724488,58.930783110425416,finance
388,10116999551.20909,679071545.9612956,9220.83962068494,10922352757.39784,344203770.8691356,31.492208404108755,finance
389,26766812512.396526,1922106500.4659247,48973.244995113135,38985205315.92597,459948118.57312447,86.96072300714022,finance
390,10534995657.83089,877847209.6001879,293067.8956513663,7719747574.384011,49071163.1338625,153.6153264767901,finance
391,13966826671.210596,1210121128.1468165,26757.67866132541,13330319598.461172,131507256.03276864,101.97935532207688,finance
392,21375405971.90247,1515293731.367808,101808.86314424682,35037408414.40057,974851803.1870104,36.02046065498924,finance
393,18500827296.113613,1525450024.677138,612.7592708745478,13270717015.197817,241836648.07482576,55.41408880265782,finance
394,18269046482.62395,440717893.0993344,30269.9734103917,7646738876.3785715,46549177.996103644,165.01134589669869,finance
395,26422094115.61033,1023933578.8934206,175123.9189990522,11461788685.827726,54026560.42965788,212.67321057346885,finance
396,21185326386.176582,870525976.1509981,448892.4638231117,18858969254.158203,849656002.7954544,22.71036570885376,finance
397,18160304861.079525,726137425.1153753,73758.59837065818,8909929824.183653,1539756853.9065373,5.7371083776740495,finance
398,17299288967.581463,1457185248.6792257,361058.7958585583,35971460129.11475,230384537.05677888,154.1585928143474,finance
399,23538155927.7486,2024090713.7121,388455.21861616697,16058907852.79571,467101598.4734453,35.31823116662925,finance
400,7629668925.309243,257889272.7246672,65206.25745075898,2654868668.233229,17867738.058272894,147.90180235623623,finance
401,8214891000.516318,272244633.3059104,71446.97318798563,6896036487.527592,104431162.1449796,67.52347782868503,finance
402,11462219987.426062,335185534.5636778,65782.8153577987,4840455913.504303,196949547.51008132,24.235093777713384,finance
403,8675065759.723375,591499425.8061681,129227.05475829876,16621372342.504822,1596498627.3481498,10.133880677459382,finance
404,30573457059.319736,430840075.100232,664172.1265140763,7335989855.88401,1901903442.00756,3.8623224724478153,finance
405,26616415753.448776,1009974380.6402608,61313.8228650004,7377425943.078225,84333619.30927594,86.28332923241838,finance
406,12658177006.010386,503228310.7806182,188052.22341675978,8683599099.457684,109332062.88310876,80.4754339913156,finance
407,16046000860.805471,819902412.9238483,183392.1053944436,8481624814.205739,355299117.03829145,24.352759200960246,finance
408,24046026618.53648,1029832145.947934,96075.82526001189,14968487269.505476,247441992.69845048,61.11944728652396,finance
409,20431540386.510635,2166031919.643297,384178.9761618495,28341691925.69878,257582469.2973486,109.1399490952863,finance
410,27021428098.47036,2655995752.908736,238342.6544318014,33124185604.59641,189556798.06567392,177.1436940199558,finance
411,16418912601.378754,1307484480.0508316,199804.3452150921,23708831973.656628,89601619.12055802,258.81737553258006,finance
412,14944941080.894848,1045331275.1629416,97142.46329818523,10014378182.15802,1957910214.0231607,4.994761643084714,finance
413,8855871355.17338,473851779.76597583,111671.8086541503,10662677495.870192,128782993.58943328,83.22312295784444,finance
414,19082337771.496067,1480774770.8751583,1730.1307550079891,33956524632.323467,429296451.8304893,76.73519294936938,finance
415,15315579834.58302,519430955.81606185,338052.8542627953,4262851120.739878,42026241.17182367,100.5470938626114,finance
416,19598007645.038822,800337890.9327586,22682.409067272987,13863175736.954475,1031175447.6352376,13.834025535034169,finance
417,24020656759.167698,1796226673.3494992,209689.95121091403,31971652919.290565,404992073.0718911,78.42591011040533,finance
418,11245653255.93563,321447780.8819445,127073.2578928488,6579911860.982022,190527479.34118336,34.28290720331413,finance
419,23312599405.0423,1492733816.3162413,204492.52976513008,19854039402.0487,4582808276.459207,4.29708264401716,finance
420,21822475610.632885,609505433.8979405,151545.04617743383,12746441295.631971,95786049.65050995,135.29170765972415,finance
421,14090429036.55146,508621253.8019222,10483.76860429453,9494688707.749147,143677054.13150415,64.79549276898365,finance
422,23176854557.795315,476694071.2675921,751121.2013180971,8620780579.783232,57657784.49477948,148.8258757857796,finance
423,16810181401.238655,1165856123.631261,77126.43021164493,18600735500.00366,610038471.7731974,30.63538957385004,finance
424,19980073308.207024,680023614.3392532,192035.0771687235,4681491784.352414,33307458.77376785,140.09396553469492,finance
425,14348622333.588268,1398801186.4096076,76896.25241919361,28357077515.118584,1789489122.9309566,15.263500358729267,finance
426,13615004664.332363,1092225968.8061376,180605.3889184916,10201371512.935623,122380480.24566443,83.44568680024939,finance
427,18756012452.7779,11305264.320949364,534624.8460209209,245433166.6077264,3979549.302695173,61.41810879437489,finance
428,25895842638.79196,939415625.6484385,76938.37513677482,14953392331.556376,4018560285.368574,3.711196555344194,finance
429,15123024460.986372,153106408.06317356,594.131840106472,1297989572.622069,24764074.31537395,53.73189500953899,finance
430,16012458303.915487,574883613.3876283,318938.04152651364,6693939955.883568,130773365.8855362,51.911390438838765,finance
431,15022679091.048342,731888093.5568027,202521.6959927221,14035989628.438114,830378596.0648891,16.739401081974254,finance
432,16840963384.724691,89292711.98858336,109937.19421714688,1242359865.5983837,50216659.295302935,24.579073463913865,finance
433,6657029437.015753,372582113.4522227,60327.27111387995,8307551076.115808,67660218.02431859,121.86782544158712,finance
434,30291234107.65541,4159350133.2768455,288523.60001125885,88550714425.06778,469310387.2837669,184.09645566730376,finance
435,14279349795.132498,1279873696.8757572,321169.3955007919,7740758824.047017,89766614.32706179,88.95885620663685,finance
436,28356891330.29599,2502528724.097342,108484.12536407076,35205989522.24356,596216691.3488939,59.60448936012423,finance
437,25651032801.27428,198590771.27086347,330275.77063427406,2352166967.6960216,80660818.69374892,29.177314932087263,finance
438,11477406508.026018,1027148320.1450984,110819.72269289206,14416308395.347916,746034156.931435,18.83216906945464,finance
439,20633394002.0832,1463644892.5133784,208036.96886429377,43600300033.42874,1077557357.2008595,39.773215289177344,finance
440,20516392522.784523,313673547.4911049,350425.0033739732,3202063718.157344,179384357.13250163,17.570455729694615,finance
441,18132128459.247128,809065909.393452,167964.37206277685,9360883929.903011,5611447764.163435,1.716838731242331,finance
442,20503047470.53561,2075184758.4308407,157380.47540914826,37782037921.22322,574961847.336557,64.51660584064435,finance
443,26394332897.19184,1600954054.1176958,374265.6711839877,23877040074.834656,253404176.6430225,94.71740970727376,finance
444,22910740063.82775,1086452895.4736955,553542.1205854461,7583493358.872722,52492905.50710151,150.1277168592088,finance
445,12016417909.799791,405537933.0673693,207173.0869148085,5398924536.138012,79595811.24173802,66.31667003421377,finance
446,20802144798.928444,904388067.8280689,417065.3250520108,17107486226.899937,71709287.91122152,244.0422072411792,finance
447,29315169875.54713,955953755.4258552,150901.16423282068,17425461029.01344,907796284.4969966,19.22748114516853,finance
448,9712187273.732286,90304852.5209824,42163.30242346912,1086157597.0890615,21755614.471278567,49.2472222948692,finance
449,20671540110.344494,285469786.21893466,423387.8044608758,3633868158.1614766,179505783.42517987,19.10776780357916,finance
450,13726970614.5319,664206308.1579581,371807.2800522619,6396988832.628661,133617200.08066012,46.76244187955535,finance
451,26849852014.36757,1851133546.7989223,332223.5119191586,29516098006.428448,245865633.9429125,118.99798008179374,finance
452,25706552217.423656,1023796317.7079176,199018.7065360885,13389717432.541246,204489851.5505844,66.4428283356587,finance
453,26222309167.643826,2533450561.690321,313353.49021324125,72428631230.68954,435786701.4079177,166.15841406424173,finance
454,29524565394.11372,2243936104.131336,915990.7696524244,12200874410.091995,166312572.08215022,75.4223983993303,finance
455,14769831680.321836,1488555400.4954467,162875.98829945095,15777014419.476866,208829553.83093527,75.44731143714884,finance
456,17462544681.96452,1280656286.2741926,58435.4309207965,26961245744.33851,836200183.7052195,32.66942093061587,finance
457,12352846376.662958,1252817929.4208057,80230.90583025207,14512092239.99236,2431858593.641395,6.115055666442266,finance
458,18525284090.634872,473197187.5216939,33589.8097752028,8093761378.88579,105245832.56878193,76.57809467017552,finance
459,25839918367.17895,693007494.7238988,333124.7437517739,17398218645.060604,10178294555.520683,1.6950301201356976,finance
460,17255326306.42227,1675701690.519834,38408.47557214449,36911551670.57698,318651765.2204374,112.738312319601,finance
461,12255369257.384174,820066152.9263824,216568.73447441787,8032350598.097945,63464637.93120404,131.2163778629586,finance
462,19766798310.55268,244000477.3263759,463947.3002361228,1914834046.0207388,18146559.16930728,107.53131227758244,finance
463,9256196490.88627,328406501.63072336,20503.013782742262,6561551464.419376,277267742.5584477,23.023379888569,finance
464,12506296791.024055,280753422.4416583,19155.71975316396,5659393359.002354,40372101.49823889,139.68549445603017,finance
465,26611225740.28881,3368243004.577567,625736.6082007687,33545854508.46449,361639259.8862362,92.39451038794267,finance
466,8689153464.07644,299597114.73350066,15558.4882906331,7576397098.011263,111493465.94976091,68.0200169724148,finance
467,15549673331.108782,871920767.6268578,88240.57116342692,13312529397.724771,122116270.73411028,108.25608715398737,finance
468,25275455800.640835,805887533.0983548,372743.6976559127,18837179821.62281,1982061786.2274504,9.432864382545269,finance
469,11342819727.964993,407232297.7125381,80309.35494288227,4622343156.437897,38529056.92620142,117.34472728931044,finance
470,18495834844.523952,1701735204.754408,155522.1622017646,27784970702.749203,323817407.4786969,86.55832299271094,finance
471,14938742943.172396,236143101.1533441,190384.3206646598,5064563847.388836,615427743.1051986,8.39153883167544,finance
472,10560740893.38902,478698607.3023287,19759.61260511123,7070767368.046994,74163910.65824088,94.83623164738816,finance
473,21133240513.59522,1422706473.3898947,113828.41400663515,23328338356.89216,326273340.83823425,70.51495867693801,finance
474,27932778807.66632,1390577164.5207665,435653.4517581525,16885921746.951784,147953160.25344622,113.60755011940137,finance
475,29987356267.05856,2217268454.423119,50343.476620020905,26302832984.25108,1336423816.9060063,19.81352469425576,finance
476,23354909022.649647,1630341682.950059,105747.03610978,27266607336.653545,1088381010.0528915,25.0497839314208,finance
477,13819966515.18407,1596316535.141466,245322.04107439303,37140630996.94113,180280061.1884496,199.00113792016865,finance
478,29240037429.6857,178535390.37515444,104985.51282931106,1482533420.425515,41846947.63259514,36.283230953443066,finance
479,22573716493.68329,1280370942.0342488,191476.0155989348,15290146621.288986,158909643.07140246,96.08077389953908,finance
480,16078342918.824297,430782454.0147749,167550.96259629738,5037605711.685152,2291302507.2706494,2.179183766726468,finance
481,26573907971.257603,1254620699.8558936,228287.3317170958,13318084236.9252,60406561.06690239,218.8753899252885,finance
482,16680568677.487452,724727409.4449735,367594.757011691,9215529953.662018,103074538.2004832,89.4181285998837,finance
483,23003135802.315426,878303570.7475255,221620.5475273313,9393278014.311855,264956131.90105155,35.026959758662706,finance
484,11028825385.608255,247904971.62312323,114679.03989013,1672816903.4674797,14803247.693023331,109.88055691022174,finance
485,22068622168.950752,717657428.8177209,166153.40394838617,6050560150.23296,62347415.075154655,97.81107972836932,finance
486,19736393323.90596,1919271302.4709089,142747.61630075317,28355268006.310013,556876256.2270774,49.9691501850411,finance
487,14562933244.731716,223808429.2523816,7649.019063404345,4703909945.854818,213443371.2734365,21.890677196059563,finance
488,18105139426.99626,612350588.4030206,300164.28233011137,7651915182.142678,51501343.78443599,148.36416327483172,finance
489,18735745445.23036,952424262.8393352,276387.6097015541,22806504175.076595,1844460295.809461,12.33529971535893,finance
490,26240538489.57293,262855278.22334024,218321.7167510188,1570834977.5537252,35905813.52705294,44.42655383480659,finance
491,19582059244.69876,748197780.1048856,85734.90114030811,9572259062.236511,8562603210.8858385,1.1177724936794788,finance
492,23653887289.14905,765554222.4105601,336261.1663909364,20994577139.35634,506271346.8350037,41.43304299150115,finance
493,15301132801.004057,931524811.251998,128141.40969285344,14276606189.963531,2211056427.8097243,6.26467556381963,finance
494,26125643128.530388,843776402.9534577,202753.87075208937,7703136004.6766815,65463090.83376101,116.17087305451837,finance
495,30224833034.682133,626814674.7802557,198573.6937289818,4641996629.360737,200561526.4787548,23.43432967116504,finance
496,11056032128.13894,735078681.2291484,183114.2174510854,19854301687.04673,1107106899.6461215,17.824786182921,finance
497,13147662052.29749,1032455194.879994,145916.5048497253,18948041437.72319,468096168.2616584,42.33029518872144,finance
498,12227421773.42907,813833613.3955965,6492.151053988844,15398112649.878506,1180718845.3418105,13.13908265550651,finance
499,44865661916.80795,21209121533.455563,39878.90423334313,611677779350.2762,5725425539.949332,106.66630054534048,finance
500,50667808924.36321,48150106051.51545,68393.7239400727,752517663934.7705,346787938453.0447,2.161809394555804,automobiles
501,44219138364.42178,22758305667.39794,46446.11356483615,325847870886.90314,2973683382.250302,109.96626483299296,automobiles
502,48180383639.4556,29668525450.33321,79339.86193462144,228384878491.88336,7099838369.296683,31.913775328070027,automobiles
503,52673161059.50232,37592634144.49348,80073.60305357944,560638325857.2148,2952325135.617668,190.6959301976585,automobiles
504,44539854357.84461,24541565672.766693,10902.640565655203,685306027388.845,29531602881.791363,24.215383992903543,automobiles
505,48937780678.11548,36624948552.42877,11006.65809648882,805036005096.4459,5649920042.308965,142.1861193432811,automobiles
506,42079789949.04236,41979983549.92462,85956.27133947553,388228073172.6982,7006002029.260755,54.75828936672362,automobiles
507,41750482634.9367,20751959727.42569,117958.4782094984,411005600015.1679,10284395054.80753,41.15490008653882,automobiles
508,49650198351.57399,21747289211.72673,134363.75920523633,393878787907.5408,1394828362.7800686,281.69631136479813,automobiles
509,42897805810.32025,23117410587.74496,164399.17901541706,590742654433.3068,6938095289.9301605,87.49017580273069,automobiles
510,46529413840.09767,37282661604.89256,131349.399023578,599921175535.977,6685998262.989408,92.08318424480572,automobiles
511,42349301850.56779,14579282077.599577,155085.45710532184,297906995721.3069,5192249196.2484045,58.19926109879491,automobiles
512,46598357736.10738,37113826573.109474,15994.691066590289,392120822151.45984,3101527204.275701,127.39990300714564,automobiles
513,47138026530.36546,23116430242.39848,31823.28396873024,370221299931.058,2615432350.6793613,145.60034748934478,automobiles
514,44216563217.43587,32878549032.667667,161428.29173318858,400056244223.6698,15534436817.87149,25.231903659204544,automobiles
515,47518267423.22934,37781145141.244026,15647.679076839211,593894350872.1123,8121478801.357276,71.73969837115921,automobiles
516,45753431489.24115,27588200877.64915,41515.53394700645,755938813475.5614,128436746202.62688,5.866201726068452,automobiles
517,45875303000.87223,20284418780.24132,28446.926653897084,364996779542.88007,3972018394.947274,92.22103029864049,automobiles
518,43752891931.19829,18112208893.609417,161681.38085833142,190785931014.1339,5031342550.06634,37.14776171393991,automobiles
519,50893046194.31907,31492902078.1258,43049.99819562038,433008350309.2304,602471140121.7839,0.7180917716038843,automobiles
520,43856887238.70225,29622984935.34821,87783.56980400387,547732510985.0725,2355912913.3208404,227.6516435644629,automobiles
521,45290503831.79324,31129310071.86816,113618.95621748034,314156739695.1711,14234251430.286774,21.78943647524429,automobiles
522,46913373442.70146,30423883910.19423,40167.50475317547,215619399685.6761,1691933758.3259382,126.49545649404648,automobiles
523,46648404720.721886,18299266975.92916,193855.9937899857,378561558330.5013,7551048414.274155,49.54847553055228,automobiles
524,45745266581.82386,31671756389.64032,88157.21437083912,177124476362.54337,2442790223.4548645,72.97925612341042,automobiles
525,41522680095.59163,27959895579.768177,4825.43983259477,712565188091.2507,95744674529.53616,7.437947284493318,automobiles
526,42688242372.2554,27629078034.95181,17424.861870968554,292047438861.8336,1422811844.1921668,205.84010044206863,automobiles
527,48494964165.53038,32369867812.981705,214897.52550881548,526266932798.4817,7094160406.1062565,74.21962207249312,automobiles
528,46051984588.9362,21990964908.2791,86090.26712101628,271256043965.31305,2356250717.475772,112.32810840041074,automobiles
529,44039707825.14272,20024331196.222847,105430.80599101148,270384143379.49628,24095121113.791737,11.335502074971648,automobiles
530,47344676695.1807,15371265210.312096,85962.68599822541,164040684233.39026,3094454208.267774,52.870806371212055,automobiles
531,51362882522.77526,38704397845.49673,25354.661326367423,349604732542.39484,2893817325.655675,122.22399406129462,automobiles
532,47889526798.37342,25255394281.61626,144797.79125933303,116797016248.02176,10279118296.988884,11.359033372173649,automobiles
533,42997667821.26367,12736205802.301573,171383.94543709132,213333092125.51056,7078293741.289643,29.25169044320701,automobiles
534,49258775673.06834,32275749705.298813,74699.22066181827,224678067332.2737,4411128948.526236,50.98626572645147,automobiles
535,43121977218.88553,20706699029.68333,101359.52659565708,297215348998.10846,2301674111.900172,125.64958056686017,automobiles
536,43131001413.207146,35978976742.10069,48677.43446313548,307734331451.49664,2811076732.0481954,110.59816885361252,automobiles
537,48314757635.72457,31490738998.798004,294140.1079725027,643580688058.0914,5202058192.560132,120.17401381059386,automobiles
538,47494116845.4239,31140524280.26432,132224.31160728427,248688474722.3201,1602843080.9760375,156.6793176886994,automobiles
539,42736259147.06555,31047167993.099216,56530.478911891005,310218858004.7324,25424309970.75668,11.984399031851352,automobiles
540,46754162363.639885,19006524562.97704,143468.21627236647,222822280479.2972,2096326085.5998769,104.55085882308671,automobiles
541,44749044375.33984,22433854900.92451,33724.14477130195,524181715928.4121,70418257495.96143,7.588980537198815,automobiles
542,45510439248.746376,27290458316.38929,112680.88419912333,360640004358.1125,5628584807.751726,64.14784363805485,automobiles
543,45672165591.40876,31686331801.213604,105692.022345456,291663272309.6733,1298938736.3795176,221.4617168818272,automobiles
544,42944090300.36572,33246426246.58265,71259.18664851811,754471410398.6569,11232910503.880129,64.59687620909226,automobiles
545,43541924868.58494,32213264822.05128,22495.816381187124,548383386070.7115,10928702936.859596,50.782162229083056,automobiles
546,43418837025.05176,25057167906.48671,185836.7054356975,408534848362.03766,3255316684.5093746,127.34713011456634,automobiles
547,49453385860.038055,29748314687.76807,213121.4285070468,662972331082.7181,115154131221.97005,5.870472027319793,automobiles
548,43258775392.6744,22453724654.201923,107500.92856821156,525952400255.64185,25229106603.74255,20.224213678448404,automobiles
549,51536772984.951584,43652778271.87093,97398.35162038152,688135188943.8828,18678498228.65892,36.551856059249296,automobiles
550,45612336861.85021,34023931723.40838,41923.85614345179,376169930679.4635,7341996103.724246,51.34326443056574,automobiles
551,45832113855.035385,22705605854.745552,181230.5501244136,335137897350.76776,4354597038.282653,76.8669712917323,automobiles
552,49711541960.56745,29872655033.038025,105541.2363269547,330718848732.18915,20844865812.902023,16.221086093702592,automobiles
553,48130448692.69238,16137355717.294426,55117.07844044665,293626195450.81104,8086025959.803675,36.456843703522125,automobiles
554,51470293024.548775,36252030742.95022,124983.49263233738,463996237817.85767,392406160056.7087,1.187557373380842,automobiles
555,45158594637.86877,42796744365.20949,71559.65619103024,557110593187.84,4531030596.296745,126.64829310906042,automobiles
556,46682751353.45763,35607570357.94987,245041.3657572283,679282707144.3317,16204174916.015234,42.66226609274237,automobiles
557,42124140161.0634,26372953160.033146,99617.18388488112,160153945664.48676,16665241634.929276,9.812901704910812,automobiles
558,43347220039.83416,33792274930.85556,195568.7881052343,205221398133.15225,110766248231.25693,1.8680473680760803,automobiles
559,49861258206.96958,33911364439.4216,88898.52625844153,414563103135.5209,49080259595.43846,8.382275461501889,automobiles
560,49432178369.00629,42972584722.004486,129523.21488070584,1234672016410.489,10096572244.188986,121.20790621732188,automobiles
561,41730298286.33972,34598389629.829475,31793.41187816581,487986783845.2401,2575367238.032324,192.62222044107463,automobiles
562,43843729278.51397,28595054511.12993,73134.60033592628,612933120137.2246,13906312793.720505,43.34492885930912,automobiles
563,46794717164.78179,27562642593.170288,55839.37347151232,584478113750.8378,2600866582.2850294,219.2645127106246,automobiles
564,46277228823.61567,27900650619.24004,76658.54171823445,284719643433.4398,3668227521.286998,79.184877733361,automobiles
565,47992834780.24322,25368303119.165825,38540.273013901926,455708349290.281,6183598360.06565,76.331136817665,automobiles
566,46428216723.062775,27229894661.014256,163196.00197905593,461120640414.009,5003046712.027017,90.08656607716225,automobiles
567,42666587449.4962,27438447370.75151,178436.98074222385,295021139089.14,4162972245.2069993,73.87490251113434,automobiles
568,45103930884.53864,33141100700.31806,162441.81522677955,357083591486.9501,67209405236.80355,5.336319216788445,automobiles
569,46116871098.15393,29584003183.115067,143153.83917622548,700290387581.843,25682624520.974308,27.06250484313996,automobiles
570,49435598145.493484,24166745463.66091,81986.7261631671,397352594289.0314,4550416893.393116,88.8671189087074,automobiles
571,50567732771.92152,38808775356.5296,171603.21268667336,673201284089.0164,3844837165.10395,175.21096600562404,automobiles
572,42563202665.95227,19940227880.76185,55320.5471237315,515196812507.1774,24461758858.063644,21.565790022405217,automobiles
573,45981629215.791336,36862447356.64627,148109.87495371368,721216363843.9161,13059852157.359734,56.3589556097852,automobiles
574,46992174614.045975,37599098056.74911,101356.28366983432,528010497030.9744,3075082325.563164,171.91974944706408,automobiles
575,45504805973.87649,19758694557.90613,109589.4320993781,473158127771.092,3284366956.729777,144.4868335121983,automobiles
576,46248425601.39301,41354381101.30103,99993.92445722062,733603118014.4708,4073515028.90309,178.70723672851938,automobiles
577,44115736682.83865,34415409435.483536,261366.03778346864,411820467623.5342,4321633915.228244,98.3586968276884,automobiles
578,48389452423.28379,38766952364.07704,80615.89720368777,1027967975893.3518,57638219798.33932,18.63376998479987,automobiles
579,44605538227.14202,23699614586.285404,18463.643757302925,530146370673.7825,19156834656.675697,28.559535992774443,automobiles
580,47344770536.79845,25799219779.139927,254695.96859316187,615430835180.0524,3118181045.218571,191.52111502615813,automobiles
581,46108788180.76995,35238424962.93885,12023.112147005257,340763589065.9144,10878343825.938284,31.19488710318569,automobiles
582,43762329760.41828,30374663435.323467,109699.603546307,460662286155.8856,3035622561.4026046,150.74172635046477,automobiles
583,52337855972.39096,37885281389.84213,28192.76113494954,317883709862.00867,2238347762.938277,140.91640204129396,automobiles
584,46997401343.31841,26470643171.92119,19954.29451538723,352828469147.6992,3221461063.749214,110.69128438556815,automobiles
585,43723996908.79616,19051042098.55656,112510.32437771166,335880918186.3762,1607045431.1376464,210.8866787391389,automobiles
586,45407308916.84731,8446162243.155962,32204.586198718043,165417904893.60898,1687499147.470436,97.91619888884992,automobiles
587,47258504803.29319,36300893491.68781,36613.71468890793,426974169219.5256,18832814108.70106,22.95549111472588,automobiles
588,53988443483.88726,38016866760.20465,3899.865600537096,707102755220.7506,8581499019.289365,82.4088218594159,automobiles
589,49924142574.6013,17299328609.6657,146141.84752812434,247248380367.6024,11784561204.88286,21.05645906944953,automobiles
590,43636443189.48834,31402553740.4308,32358.098512723227,647968090596.0748,5157099599.8033695,126.9281553241514,automobiles
591,41435335187.46017,33795141734.906075,71516.0659653585,518039197478.4016,2033898843.7583184,255.9836160896974,automobiles
592,49780312025.35373,42154527996.8091,83675.02176272518,474062784374.1517,7452993983.72309,63.109004660386645,automobiles
593,45657263261.919365,30304649504.19246,123310.60887792525,539683151337.47424,39899246120.00008,13.583442432477762,automobiles
594,50466353761.17004,35068145540.73059,7498.083351840482,637589975677.5312,30258967726.522144,20.983729523685025,automobiles
595,47082398410.39426,24437358358.36185,123391.40370896907,346167862619.6816,8634859628.156414,41.32244214365198,automobiles
596,44766857091.46114,27122499178.0138,108265.54135908444,231085289597.122,2760552134.942253,84.295044333054,automobiles
597,44883198690.85982,35546084361.49903,13172.98894004524,776531447732.6467,7689024599.595771,101.15980295225332,automobiles
598,48029235270.67223,25368379022.808945,89523.42180586161,358951413040.8616,5332073347.415414,68.3456089837382,automobiles
599,46210793323.11634,46489308354.769714,77362.65780321987,416490000156.3645,1533690260.83813,270.7246746435193,automobiles
600,44846562933.167366,22517282672.58803,68224.93403300882,411133318357.3116,10864110460.765171,38.65956877594168,automobiles
601,43092123697.54455,32777117563.344563,12158.964056145916,240963793354.84125,4410014210.856337,55.55512499831094,automobiles
602,49243447272.60323,35830608947.03992,159298.95957960427,386408992571.44617,5471887026.369739,70.55295006538984,automobiles
603,44739182483.33138,32006932539.72688,118561.59001941267,365388787232.6931,7234925208.602193,50.618773785698345,automobiles
604,44228769424.68585,28246988446.003223,65968.75869515774,627696705988.3735,192025480479.1054,3.275815510549251,automobiles
605,45612148128.990746,22125991430.90839,294601.929003289,349785178627.7612,2154902733.6356387,161.89396936076068,automobiles
606,45802582495.12892,35683806946.87678,242885.73230020088,381845177236.2777,5111416196.886485,72.69951180157612,automobiles
607,49058864309.33309,28376436157.1157,127158.5275598135,223768376368.81235,7211569415.931036,30.7242054424626,automobiles
608,45628126348.94463,35801782688.7048,203835.258641442,530412216056.4607,2403397960.5036182,221.83118840973603,automobiles
609,47797880795.470535,22984357209.009296,65774.59805532366,323910002193.8896,2765010325.1409354,116.88837497485726,automobiles
610,50967910644.31405,40675315630.90874,27822.06988599353,812974914497.7836,46658023163.801,17.123927485125794,automobiles
611,42061053667.36323,28286866212.78329,121805.16252430428,308054344962.1688,1362320723.148955,221.32525523597124,automobiles
612,50240280114.35817,44446782989.44136,3039.714513966508,1100012369745.0715,4784128152.338914,239.01983086301783,automobiles
613,42697478475.7599,37927013305.31991,77148.14606467137,893608576145.8604,212323874454.4287,4.295539261582494,automobiles
614,45357475847.01765,28463248697.008644,130280.09764085156,630872089590.8033,3900206701.236119,160.2722808572711,automobiles
615,51416370628.80462,32214714901.319984,59051.12980768285,297383719241.24164,7372357550.350632,40.73830206257875,automobiles
616,51451264856.71543,34742780243.13631,10870.09004337785,333824084721.0166,17768997853.92394,19.536509650256075,automobiles
617,43370334810.190575,25224582483.77022,191009.0422403504,552570012982.6062,4471673220.455444,126.55827992140895,automobiles
618,48221902056.807785,26752318445.92245,112934.30950389798,378325603915.35583,34316068017.91913,11.263573094587692,automobiles
619,45345821971.12972,18865577177.07499,86493.11821900352,521263392763.542,10099404701.181486,50.93213969556842,automobiles
620,45826856223.06155,28818223605.437366,118470.45559785978,219045713417.89603,10444269553.186008,21.39758450769333,automobiles
621,49439786813.741005,26556596616.59804,116112.30967780836,502112554336.3972,6915970337.688174,74.82326758480174,automobiles
622,47610440031.37403,24369407134.65652,71533.9383537426,315181814569.5437,3492929119.278898,89.4125852223529,automobiles
623,51175972598.10334,41254182357.40393,75112.01753762897,946383649999.8127,8613744021.433681,107.92496300624042,automobiles
624,49033587005.04569,28301226864.55998,377785.4624469461,300462202566.84705,1461791557.052408,201.7437912301759,automobiles
625,47488986933.47872,29100594224.024555,48571.5334210981,405070389515.27,2882382950.296862,140.27274267756775,automobiles
626,45592802651.69222,22942039230.97583,128946.93904750355,238722954372.9892,3499169391.2784133,68.04411650972943,automobiles
627,49772001883.91976,30708292294.637463,143775.42455739577,418567995643.86096,35243700411.44057,11.644435603194848,automobiles
628,46900087970.1518,35626851578.4403,26441.00277153193,655176885426.0143,8653223183.51569,75.51460886343992,automobiles
629,43845298746.53086,32900803478.04609,73351.16299573806,487773535302.7768,5959482016.262924,80.5969385975717,automobiles
630,43200880150.2301,26035178824.44437,162160.00313903243,501216949462.0391,4520782538.649755,110.7691181433597,automobiles
631,44641222112.9924,32962064539.96454,38289.76244583111,629092777902.0829,36254115895.35974,17.046857433175596,automobiles
632,56859010968.92826,44710804844.10251,131077.39906656704,669269706665.2234,5869711556.768345,119.96904993007516,automobiles
633,48362990491.75064,34370281034.71202,28653.28573563781,690836025989.7272,23340326022.811653,30.25053131108031,automobiles
634,41419001956.98305,20209536366.432217,134266.21558268726,234430471227.4888,4992634932.864077,46.96656310395226,automobiles
635,49033278897.98135,19835963022.558315,4614.122271659657,351476328602.4981,3037621927.8432045,117.4219433425579,automobiles
636,52416158929.86883,23939921377.00853,57358.82112881028,464601032677.9721,3744513447.7359433,127.44998678116292,automobiles
637,48513427349.32487,23637451201.0717,43210.94247140261,228267620805.9856,6732848353.833592,33.94147227414528,automobiles
638,46305328007.7711,34245347747.10374,107356.4888093885,273961874425.5148,49067781004.22028,5.579413832949575,automobiles
639,42751636141.63855,30253188302.13122,77069.78317204375,607900976512.1753,5416786431.816856,115.89394709764868,automobiles
640,44848492102.51079,35699935697.4882,153022.76550907825,560247215381.9252,3096539120.091824,184.6878881755108,automobiles
641,48128597930.393845,38135955310.29985,29141.514286266785,550909587586.3658,4404720786.922329,125.29918256839576,automobiles
642,47451063927.75364,41243012772.10305,66892.95324735645,563078500970.7183,4866442299.855562,113.59239785567208,automobiles
643,46661004355.75682,25937142737.52608,37223.274516455625,622152049890.075,8890541507.009666,68.54337740711837,automobiles
644,51218765059.08638,27839146214.33,138092.00395186976,311969923380.903,1544469543.7811458,204.86764564027968,automobiles
645,48671607964.808846,30782339610.43746,71255.3589847928,777551620570.227,16777129159.144636,46.054306891340914,automobiles
646,48985808345.080605,22572371942.162704,191796.96949473763,501103674004.16113,162574887012.6988,3.117882417094932,automobiles
647,50914316312.55053,32449314449.377964,214498.25832211872,854718734428.5059,3458782348.571301,255.5258426283129,automobiles
648,51188025095.94503,27059943090.94152,140766.9247226387,268383383651.10352,3940444672.956412,69.90424484879509,automobiles
649,45939919140.07661,33483737089.843487,10442.930460513307,496114841878.60223,5808947167.461515,85.42761364648209,automobiles
650,47672580740.0671,28134774029.1912,205900.9928965469,337997352626.8186,2587256652.062257,129.51876826971375,automobiles
651,46411737692.17877,34330247300.49415,2719.2280956167974,732514742912.5322,1117555194250.9316,0.663984885613043,automobiles
652,51203941047.64298,31703817163.599087,153595.53724093066,476855484192.8488,2342590480.0398726,204.8949166968644,automobiles
653,48028228021.740005,24658310386.740578,49193.950606205646,452167250187.8023,90652727938.81992,5.068666332023652,automobiles
654,49269625384.92771,28152661663.85284,86070.130063789,447448266754.5107,191440920981.1305,2.3174072338253526,automobiles
655,49463421199.95935,26403510747.00156,42264.879376178345,376992990602.90967,13253027670.078732,28.518834616332,automobiles
656,49289841529.0741,27546833709.814754,193419.8863012907,348867280995.6588,5806294300.565148,59.91345967377866,automobiles
657,49724562075.20085,22726619836.791,71033.71887624695,434416252587.01263,6602459687.586155,65.52147705708289,automobiles
658,51000626276.56975,46661729581.24866,39873.00077016518,425715835711.3697,3955734826.42088,108.24249311919236,automobiles
659,44177253399.602974,28288913367.95392,197978.0810499497,433485399048.3688,2737185421.8154564,160.24627491631813,automobiles
660,47241733517.51436,30194568333.32188,31102.16148065702,531366869976.2398,8028870613.117763,66.39334590886824,automobiles
661,50235565293.42687,36511845730.37369,57275.56807994241,342374959027.42725,5368915496.046238,62.72013953468252,automobiles
662,41314619579.82154,13486572566.335987,161170.83671851584,354631403236.3586,5071355314.881335,70.28587968411539,automobiles
663,42668804056.14032,30269624753.781803,2958.2682501779022,637416848444.3795,7561271936.394108,85.37478836131638,automobiles
664,48127032499.791695,30169169777.863914,131818.82017938414,320611682965.77936,18222695098.23756,17.693447963656997,automobiles
665,49934975636.40166,42560029469.89866,59955.5047031396,612747086545.2635,3979099210.549591,150.78297484404575,automobiles
666,50251463861.56886,31279994070.19224,124930.7242803345,603550547756.2919,11888061433.409857,51.76712090027037,automobiles
667,46274573171.38233,18091445790.910213,46711.72067160598,159073230957.11804,2669445432.313463,61.492031842810405,automobiles
668,47756945428.03473,29659511724.07365,78706.41013045228,581044474211.9358,11304476967.383448,52.42488442348585,automobiles
669,46960825216.41353,33790482037.00234,90130.68104700037,468765482681.032,7056261034.988694,66.78730616301102,automobiles
670,43173975173.68216,34557211127.18783,7795.669601429528,378662350402.0193,11794944182.654308,32.74854901687558,automobiles
671,49660610423.92697,30909675808.26612,173042.4305165035,425674292120.0164,2713903046.353883,155.36630886526035,automobiles
672,47175119858.74278,30219478398.452057,63280.51872815026,585906833500.069,4823775307.251092,121.65121009605843,automobiles
673,45014151755.14873,24289997890.525093,104700.25647658687,311793148895.92615,4543562069.683636,68.46886953121874,automobiles
674,47423199604.59634,36110647936.69336,152135.25744998298,609451385685.2501,3852265806.874893,156.66670660098544,automobiles
675,43265002103.97953,19766783323.37704,17978.762518041254,394408410466.4127,27416861197.342937,14.43140905981818,automobiles
676,49810914745.43226,41474805051.09354,20062.96275455877,571673346318.9954,7809992248.573533,71.15076279304462,automobiles
677,44739192819.86172,26439493316.41197,6855.998084290661,256765887161.0729,22147361837.4286,11.36402899113322,automobiles
678,46713437746.89058,45077271024.29631,47959.06084936189,767488241070.9955,113115844499.51576,6.642118275211844,automobiles
679,45137914194.3657,27839386123.75745,91153.13704807508,449870114680.52496,15510673804.845438,28.2909551787454,automobiles
680,48512953226.03909,23406350653.227505,43725.600618435215,310942390141.96643,2811941138.387667,110.09279615647036,automobiles
681,42760449963.20844,25697282796.2781,116046.1323208346,213244307452.4405,3005277009.4173183,71.40853939641835,automobiles
682,49626853234.672295,19626624890.20463,85801.2240672277,277791678544.19165,11104906115.792631,24.9682431721346,automobiles
683,48529562455.396095,31680535165.73157,83788.01657613355,352865275882.9442,2026645643.941525,176.29358500683935,automobiles
684,43837054256.84944,29975254325.87577,81946.17414492459,402113020094.8792,151435968420.66733,2.593837383393852,automobiles
685,46414492874.508125,31603597000.32441,127786.76988826992,734195960413.0217,4712218204.851487,156.7409103002277,automobiles
686,41474761678.78317,22580021726.031845,52860.69510883753,241820172453.4593,7342067498.968706,32.923561263972665,automobiles
687,47720211060.35532,26591779057.040447,127920.39297543498,362428692835.3547,8902816087.056406,40.43889743032082,automobiles
688,43704275085.15562,32101459415.7552,89622.92780376761,374645700124.6108,4123079222.638758,89.34408790630911,automobiles
689,43240263819.14936,23951893035.48847,19058.168397161724,393034502645.8221,3709299106.286039,106.10554190763028,automobiles
690,50701403462.22442,32451776436.73098,125887.7117352472,472549335412.5601,158193098024.49973,3.0068868788059566,automobiles
691,44023484798.57903,28972632390.940704,147242.99713903258,347221937367.28406,12014798458.647549,28.820621610872248,automobiles
692,50554514219.31258,38223524693.47923,205541.9841570325,345142274617.39825,4735532273.383944,74.73912023908306,automobiles
693,46078689614.10391,23606700647.370422,17484.461217980486,635883111117.9646,24074402847.34701,26.153359821576046,automobiles
694,48543908609.440025,34431166882.27095,88400.5251818648,527267321573.0549,6905021525.98534,77.37066640621616,automobiles
695,42196926925.80586,37835254450.41098,9677.745041813158,270714389974.7228,1893125734.885185,144.89409634597064,automobiles
696,44235537941.80279,18590076165.0953,154502.10622764984,342532650556.01746,4914766016.698572,67.79805845355023,automobiles
697,51366915649.25377,24637640098.558743,57631.16625473513,194342468549.163,6460206382.266363,28.886844639044394,automobiles
698,45891535280.87148,23852664635.94137,25568.206124380704,318520069657.5272,81771247079.89355,3.856051885489495,automobiles
699,48154742405.03054,23362988186.61099,150402.82973377817,291083466530.3546,5041611759.234635,58.04571676344859,automobiles
700,48008131576.33696,26535506283.748608,127031.56320925704,215931805054.9476,7276403525.513906,30.09111968657248,automobiles
701,44358803693.42783,32958913456.44356,84105.3823906899,592901295890.7288,380742109448.3076,1.4871635097813145,automobiles
702,48927863369.652725,34176089394.25188,73768.04569597852,456521499131.4021,2458066432.807544,181.0687003947231,automobiles
703,44332624418.18294,31929631348.08845,93067.53236239543,550350843313.4713,22188687104.51008,25.153151286863764,automobiles
704,45556714358.14623,37362825731.38004,52442.68257926915,688615581970.6823,9834521089.703491,68.19084999105998,automobiles
705,46049104061.83258,31156497988.55777,84452.32272540634,421407786700.9684,3710089844.629208,117.1226854209338,automobiles
706,46107811103.86498,27914515225.703857,111613.08183375964,540498952455.1658,2022021411.5633447,265.3071033680444,automobiles
707,46046740355.55457,34042449418.69186,63329.51917161671,338579488271.7116,2171937840.4810333,152.14441903478803,automobiles
708,41360761181.821,10275565709.710142,87035.4872316681,133374682930.12749,992085097.630196,133.54746514376654,automobiles
709,53359736603.38311,42698567218.021385,64497.25814915002,351442378656.4215,6625548439.316018,51.50686464631837,automobiles
710,46325459110.65549,28316691992.25365,38454.73916922244,442451966396.3922,6831648309.191146,64.57391844406166,automobiles
711,50293327660.309685,28553809951.90702,132100.03957889255,362341329290.9488,18000716956.493095,20.16023162899308,automobiles
712,44166362593.85367,30715006130.159515,81129.05754670285,346481627473.7925,3609520812.159296,96.85367604506771,automobiles
713,41377477269.79745,23634816182.795334,51964.91466586146,449720360167.0658,3813163826.828953,122.2970784107764,automobiles
714,45742663256.64529,21117265838.211967,29777.439776686104,535426335615.79504,3473153065.788703,155.58153562995284,automobiles
715,47695575864.24289,21086827868.14784,81219.565862543,133724734063.87358,2817951168.868061,47.56867805258642,automobiles
716,42417122492.33404,35613601259.37537,8972.865127722624,875833374933.4855,6255684144.892555,138.01805945728748,automobiles
717,49808951637.37976,31345061749.24965,157253.9325040857,358651238040.8954,2360384167.930359,155.74132902363368,automobiles
718,46553693392.00911,36971658752.09292,6285.9793476722025,819018414431.7566,39873949137.489456,20.454490199154183,automobiles
719,42663512943.62621,24851489228.006435,129387.92089832966,300900447568.66327,5827096395.283458,51.07576330502748,automobiles
720,49845796031.62543,32439799095.80299,225892.9068282463,593974558696.8408,6640552809.131939,88.87070428098463,automobiles
721,48596664532.331024,51940933872.10708,135677.67912015042,762246432022.5094,10462483940.773186,71.34694751523905,automobiles
722,43701587535.51994,31365623812.43913,58875.59844586536,498984852615.0517,36375933359.88728,13.955226915073116,automobiles
723,42339559783.03066,23877967058.93957,75181.00232154333,324741004966.6282,3363952853.840373,95.93627859279238,automobiles
724,42767679721.25372,31863504210.87252,157518.85026845802,600620573329.4712,5780144038.974301,105.1903714850445,automobiles
725,45653345370.52168,39434062129.74785,38049.90635035344,826603308613.446,10181416136.259132,81.8990572223339,automobiles
726,46522819983.42135,32616646539.133465,118281.69974520493,726229476448.2747,76475822734.56898,9.484441686184493,automobiles
727,41919959264.00161,32563636725.45856,49375.78513439044,482856149076.6261,9560552738.879885,51.9314725506768,automobiles
728,45681647331.68081,17414179246.648304,147586.78890818305,275395877524.5784,5261133539.367635,54.35555920768799,automobiles
729,44729712616.59113,31538262382.459045,114207.42563854269,658543991652.2566,20289100374.40438,32.38410729174723,automobiles
730,44229555245.33577,27347179463.28031,30746.941238220385,365393353496.2455,6993712240.410576,51.511515064859935,automobiles
731,49856695043.00362,15787140215.066456,60033.92927466338,344245846029.32654,3590419195.439806,94.7520167239168,automobiles
732,43417234901.21971,30274625908.867645,195650.2737061631,412508277511.6922,4425623891.007095,92.64196445763896,automobiles
733,46077646912.713,28090758081.359512,110885.92550817336,300792941837.291,4563496273.974567,65.11123026565068,automobiles
734,49058379178.61791,43622857142.07047,176624.5553034683,516693042216.1962,2217612175.8741755,235.6730027502657,automobiles
735,45875769336.96426,33935238812.89823,178545.26121733495,524279116035.0197,11982759973.54234,42.901569011265536,automobiles
736,47844785404.59984,36088423254.85186,136222.08633234134,465214218952.6511,5186167375.858957,89.75690319994864,automobiles
737,44349001152.90029,33086115445.150005,48492.32793140288,412320467121.4083,4525737016.950946,89.2711637220583,automobiles
738,49352082390.59342,25191820328.322544,131818.30603070435,526950311256.5491,4058015027.267061,130.3965940207497,automobiles
739,49086015642.47821,35886076320.20303,35806.51808675097,858984409841.4543,39208471353.33371,22.922499875566714,automobiles
740,43377985629.37692,27267196018.9054,82829.18650339355,246833253354.24893,983388978.5863492,259.39348285387246,automobiles
741,50573567023.60862,31958607328.105503,138703.1017311427,412266469814.3236,35072471523.18654,11.478405261650938,automobiles
742,49199928877.19685,22326872535.736164,199898.2790675328,214972183050.00024,981932600.5242604,220.42169208880065,automobiles
743,42310089029.80807,28282040707.33834,175241.26647457277,585400500869.5245,12184129077.569502,48.10196002204747,automobiles
744,43672330792.47398,27707937567.65147,25275.18900790658,552710407241.8711,26634209679.891422,21.238552342268896,automobiles
745,54393638035.01022,30028249719.27513,126636.47147626254,234498683895.60107,1828919054.237032,127.06502018847704,automobiles
746,50892517372.694695,34394960357.81864,160595.85031942106,831958983678.1791,19133416432.581684,44.512984473952585,automobiles
747,44112720802.25629,25967330349.60884,16250.39526095711,235554308118.5621,2298825041.2062964,102.31382539948208,automobiles
748,43192704467.27215,24674983749.58684,23151.68140305636,490386979102.7798,91911395244.4739,5.288166504930952,automobiles
